sample_id	sample_short	dm	molecular_subtype	histology_subtype	tert_promoter_integrated	tert_mut	OS	OS.time	PFI	PFI.time	DFI	DFI.time	DSS	DSS.time	recurrence	age_yr	adv_stage	sex_m	rai_score_v17	tds16_score_v17
TCGA-DJ-A2Q6-01A	TCGA-DJ-A2Q6-01	not_DM	BRAF_like	cPTC	wildtype	0	0.0	1109.0	0.0	1109.0	0.0	1109.0	0.0	1109.0	0.0	38.85831622176591	0.0	0	6.480275737374312	6.23780988726816
TCGA-FK-A3SE-01A	TCGA-FK-A3SE-01	DM1	BRAF_like	cPTC	wildtype	0	0.0	670.0	0.0	670.0	0.0	670.0	0.0	670.0	0.0	31.408624229979463	0.0	0	8.023628999778053	6.962562691680153
TCGA-DJ-A2QA-01A	TCGA-DJ-A2QA-01	not_DM	BRAF_like	FVPTC	wildtype	0	0.0	1020.0	0.0	1020.0	0.0	1020.0	0.0	1020.0	0.0	56.9034907597536	1.0	0	8.572642444725378	7.180458007114786
TCGA-FY-A2QD-01A	TCGA-FY-A2QD-01	DM2	BRAF_like	cPTC	wildtype	0	0.0	38.0	0.0	38.0			0.0	38.0		61.57700205338809		0	9.636902554365223	8.625713884324648
TCGA-EL-A3GR-01A	TCGA-EL-A3GR-01	not_DM	BRAF_like	cPTC	wildtype	0	0.0	3501.0	0.0	3501.0	0.0	3501.0	0.0	3501.0	0.0	31.753593429158112	0.0	0	8.012121486959597	7.098539400497683
TCGA-EL-A3T7-01A	TCGA-EL-A3T7-01	not_DM	BRAF_like	cPTC	wildtype	0	0.0	1256.0	0.0	1256.0	0.0	1256.0	0.0	1256.0	0.0	47.370294318959616	0.0	0	6.823486409673245	5.82349264787177
TCGA-FE-A230-01A	TCGA-FE-A230-01	not_DM	BRAF_like	cPTC	wildtype	0	0.0	2173.0	1.0	526.0	1.0	526.0	0.0	2173.0	1.0	31.55373032169747		0	6.803292819675272	6.191513656321783
TCGA-EM-A3FO-01A	TCGA-EM-A3FO-01	not_DM	BRAF_like	cPTC	wildtype	0	0.0	532.0	0.0	532.0	0.0	532.0	0.0	532.0	0.0	40.695414099931554	0.0	1	7.103645512798169	6.020602326674148
TCGA-DJ-A3VB-01A	TCGA-DJ-A3VB-01	not_DM	BRAF_like	cPTC	wildtype	0	0.0	697.0	0.0	697.0	0.0	697.0	0.0	697.0	0.0	52.69815195071869	1.0	1	6.306555987175706	5.723894707233006
TCGA-BJ-A28X-01A	TCGA-BJ-A28X-01	not_DM	BRAF_like	cPTC	wildtype	0	0.0	942.0	1.0	494.0	1.0	494.0	0.0	942.0	0.0	32.12867898699521	0.0	0	7.029303228958038	6.287389311871591
TCGA-DJ-A2QB-01A	TCGA-DJ-A2QB-01	not_DM	RAS_like	FVPTC	wildtype	0	0.0	1070.0	0.0	1070.0			0.0	1070.0	0.0	53.66461327857632	1.0	0	8.608169835965118	7.891181838455405
TCGA-DO-A1K0-01A	TCGA-DO-A1K0-01	not_DM	BRAF_like	cPTC	wildtype	0	0.0	655.0	1.0	577.0	1.0	577.0	0.0	655.0	1.0	30.70773442847365	0.0	0	6.777652243450454	6.404367443553793
TCGA-EL-A4KD-01A	TCGA-EL-A4KD-01	DM1	BRAF_like	cPTC	wildtype	0	0.0	1326.0	0.0	1326.0	0.0	1326.0	0.0	1326.0	0.0	41.86447638603696	0.0	1	8.953633236014168	7.8411359024372285
TCGA-BJ-A192-01A	TCGA-BJ-A192-01	DM2	unknown	unknown	wildtype	0	0.0	1349.0	0.0	1349.0			0.0	1349.0	0.0	54.42299794661191	1.0	0	9.01190568061542	7.683329250609682
TCGA-L6-A4EU-01A	TCGA-L6-A4EU-01	not_DM	BRAF_like	cPTC	wildtype	0	0.0	289.0	0.0	289.0			0.0	289.0	0.0	58.02053388090349	1.0	0	6.537285172845184	5.866146257029787
TCGA-DJ-A3V0-01A	TCGA-DJ-A3V0-01	not_DM	BRAF_like	cPTC	wildtype	0	0.0	1125.0	0.0	1125.0			0.0	1125.0	0.0	56.114989733059545	1.0	1	6.759382145791284	6.187281582238097
TCGA-EM-A2P2-01A	TCGA-EM-A2P2-01	not_DM	BRAF_like	FVPTC	wildtype	0	0.0	526.0	0.0	526.0	0.0	526.0	0.0	526.0	0.0	46.25598904859685	1.0	1	7.646920796174083	6.801565734967208
TCGA-BJ-A45G-01A	TCGA-BJ-A45G-01	not_DM	RAS_like	FVPTC	wildtype	0	0.0	725.0	0.0	725.0			0.0	725.0	0.0	48.818617385352496	1.0	0	9.65770269506357	8.447349495598152
TCGA-FY-A3R7-01A	TCGA-FY-A3R7-01	not_DM	BRAF_like	cPTC	wildtype	0	0.0	495.0	0.0	495.0			0.0	495.0	0.0	50.38466803559206	1.0	0	8.77135772792981	7.911465580463202
TCGA-DJ-A3VG-01A	TCGA-DJ-A3VG-01	not_DM	RAS_like	FVPTC	wildtype	0	0.0	1085.0	0.0	1085.0	0.0	1085.0	0.0	1085.0	0.0	40.98562628336756	0.0	1	9.316506140231263	8.171013545591226
TCGA-ET-A25O-01A	TCGA-ET-A25O-01	not_DM	BRAF_like	cPTC	wildtype	0	0.0	1986.0	0.0	1986.0	0.0	1986.0	0.0	1986.0	0.0	35.383983572895275	0.0	0	6.799702414619954	6.401088075136682
TCGA-DJ-A3UR-01A	TCGA-DJ-A3UR-01	not_DM	BRAF_like	FVPTC	wildtype	0	0.0	1105.0	0.0	1105.0	0.0	1105.0	0.0	1105.0	0.0	51.493497604380565	1.0	0	7.241445634119413	6.672968177019143
TCGA-E8-A415-01A	TCGA-E8-A415-01	not_DM	BRAF_like	cPTC	wildtype	0	0.0	944.0	0.0	944.0	0.0	944.0	0.0	944.0	0.0	39.11841204654346	0.0	0	8.374432816118917	7.452145400765602
TCGA-DJ-A4UR-01A	TCGA-DJ-A4UR-01	not_DM	RAS_like	FVPTC	wildtype	0	0.0	1058.0	1.0	113.0	1.0	113.0	0.0	1058.0	1.0	36.85968514715948	0.0	0	8.681838213347955	7.538776403430631
TCGA-DJ-A13L-01A	TCGA-DJ-A13L-01	not_DM	BRAF_like	unknown	wildtype	0	0.0	303.0	0.0	303.0	0.0	303.0	0.0	303.0	0.0	85.64818617385353		1	6.536168157444703	5.784103398296997
TCGA-BJ-A45I-01A	TCGA-BJ-A45I-01	not_DM	BRAF_like	cPTC	wildtype	0	0.0	470.0	1.0	110.0			0.0	470.0	0.0	51.38124572210815	1.0	0	5.804006526928634	5.373313817087276
TCGA-ET-A40S-01A	TCGA-ET-A40S-01	DM1	BRAF_like	cPTC	wildtype	0	0.0	1223.0	0.0	1223.0			0.0	1223.0	0.0	62.23956194387406	0.0	1	7.483052557114955	6.8346833499496045
TCGA-EL-A3CZ-01A	TCGA-EL-A3CZ-01	not_DM	RAS_like	cPTC	wildtype	0	0.0	2418.0	1.0	1426.0			0.0	2418.0	1.0	41.46201232032854		0	9.723653094358822	8.602631498294983
TCGA-EM-A2P3-01A	TCGA-EM-A2P3-01	not_DM	BRAF_like	cPTC	wildtype	0	0.0	444.0	0.0	444.0	0.0	444.0	0.0	444.0	0.0	47.898699520876114	0.0	0	7.115330954593523	6.395748248651835
TCGA-BJ-A2N7-01A	TCGA-BJ-A2N7-01	not_DM	RAS_like	cPTC	wildtype	0	0.0	559.0	0.0	559.0	0.0	559.0	0.0	559.0	0.0	30.63107460643395	0.0	0	8.8415617916826	7.811433030171473
TCGA-EL-A3GW-01A	TCGA-EL-A3GW-01	not_DM	RAS_like	cPTC	wildtype	0	0.0	1527.0	0.0	1527.0	0.0	1527.0	0.0	1527.0	0.0	37.426420260095824	0.0	0	8.603344110109408	7.568901205006307
TCGA-DJ-A13P-01A	TCGA-DJ-A13P-01	not_DM	BRAF_like	cPTC	wildtype	0	0.0	5150.0	0.0	5150.0	0.0	5150.0	0.0	5150.0	0.0	52.83230663928816	0.0	0	7.274111569610557	6.793207454685166
TCGA-ET-A39O-01A	TCGA-ET-A39O-01	not_DM	BRAF_like	cPTC	wildtype	0	0.0	3059.0	0.0	3059.0	0.0	3059.0	0.0	3059.0	0.0	39.13757700205339	0.0	1	6.410245490650183	5.768655518935479
TCGA-IM-A3ED-01A	TCGA-IM-A3ED-01	not_DM	BRAF_like	cPTC	wildtype	0	0.0	1442.0	0.0	1442.0	0.0	1442.0	0.0	1442.0	0.0	58.25598904859685	0.0	0	7.75659326318905	6.843442576890208
TCGA-ET-A39L-01A	TCGA-ET-A39L-01	DM1	BRAF_like	cPTC	wildtype	0	0.0	3299.0	0.0	3299.0	0.0	3299.0	0.0	3299.0	0.0	20.90622861054073	0.0	0	8.435477325246602	7.567526670856043
TCGA-FY-A3YR-01A	TCGA-FY-A3YR-01	not_DM	BRAF_like	cPTC	wildtype	0	0.0	528.0	0.0	528.0	0.0	528.0	0.0	528.0	0.0	64.05201916495551	1.0	0	6.025518120709927	5.676353250760903
TCGA-KS-A4IB-01A	TCGA-KS-A4IB-01	DM1	BRAF_like	cPTC	wildtype	0	0.0	2577.0	0.0	2577.0	0.0	2577.0	0.0	2577.0	0.0	41.497604380561256	0.0	0	6.3234480753921325	5.891237156551524
TCGA-EM-A3ST-01A	TCGA-EM-A3ST-01	not_DM	RAS_like	FVPTC	wildtype	0	0.0	1182.0	1.0	966.0	1.0	966.0	0.0	1182.0	1.0	62.94318959616701	1.0	0	7.888415295566842	6.5488059264448095
TCGA-E8-A413-01A	TCGA-E8-A413-01	not_DM	BRAF_like	cPTC	wildtype	0	0.0	912.0	0.0	912.0	0.0	912.0	0.0	912.0	0.0	38.0807665982204	0.0	0	7.746534725425568	6.947629082576042
TCGA-EL-A3TA-01A	TCGA-EL-A3TA-01	not_DM	BRAF_like	cPTC	wildtype	0	0.0	2035.0	0.0	2035.0	0.0	2035.0	0.0	2035.0	0.0	42.06981519507187	0.0	1	8.65105022289649	7.479470983784293
TCGA-DJ-A2PW-01A	TCGA-DJ-A2PW-01	not_DM	BRAF_like	cPTC	wildtype	0	0.0	1060.0	0.0	1060.0	0.0	1060.0	0.0	1060.0	0.0	65.67282683093771	1.0	1	6.903124832644979	6.074154654700673
TCGA-DJ-A2PO-01A	TCGA-DJ-A2PO-01	DM1	BRAF_like	cPTC	wildtype	0	0.0	243.0	0.0	243.0	0.0	243.0	0.0	243.0	0.0	54.91581108829569	0.0	1	7.009012701092574	6.515972124129938
TCGA-ET-A3BT-01A	TCGA-ET-A3BT-01	not_DM	BRAF_like	cPTC	mutated	1	0.0	2665.0	1.0	267.0			0.0	2665.0	1.0	61.25941136208077		0	7.103372379506897	6.481711483610336
TCGA-EM-A2CJ-01A	TCGA-EM-A2CJ-01	DM2	RAS_like	FVPTC	wildtype	0	0.0	1447.0	0.0	1447.0	0.0	1447.0	0.0	1447.0	0.0	49.74127310061601	0.0	0	9.769713207452028	8.328321867284334
TCGA-DJ-A3VD-01A	TCGA-DJ-A3VD-01	not_DM	BRAF_like	cPTC	wildtype	0	0.0	1238.0	0.0	1238.0	0.0	1238.0	0.0	1238.0	0.0	32.90622861054072	0.0	0	7.614117865301303	6.619971248802759
TCGA-DJ-A1QE-01A	TCGA-DJ-A1QE-01	not_DM	BRAF_like	cPTC	wildtype	0	0.0	4134.0	0.0	4134.0	0.0	4134.0	0.0	4134.0	0.0	61.99863107460644	1.0	0	6.879610484333964	6.181644639925105
TCGA-BJ-A0ZB-01A	TCGA-BJ-A0ZB-01	not_DM	BRAF_like	cPTC	wildtype	0	0.0	122.0	0.0	122.0			0.0	122.0	0.0	66.84462696783025	1.0	1	6.417126539522165	6.32414991207434
TCGA-IM-A3U3-01A	TCGA-IM-A3U3-01	not_DM	BRAF_like	cPTC	wildtype	0	0.0	514.0	0.0	514.0			0.0	514.0	0.0	55.07734428473648	0.0	0	6.515585828048837	6.125120051084065
TCGA-BJ-A45F-01A	TCGA-BJ-A45F-01	not_DM	RAS_like	cPTC	wildtype	0	0.0	105.0	0.0	105.0			0.0	105.0	0.0	59.44695414099932	0.0	0	8.601250486824354	7.658924370994337
TCGA-EL-A4KG-01A	TCGA-EL-A4KG-01	not_DM	BRAF_like	cPTC	wildtype	0	0.0	739.0	0.0	739.0	0.0	739.0	0.0	739.0	0.0	35.53182751540041	0.0	0	6.075353344370125	5.486028183850838
TCGA-ET-A39S-01A	TCGA-ET-A39S-01	not_DM	BRAF_like	cPTC	wildtype	0	0.0	1676.0	0.0	1676.0	0.0	1676.0	0.0	1676.0	0.0	27.378507871321013	0.0	0	8.939178348972556	7.772583124165384
TCGA-E8-A436-01A	TCGA-E8-A436-01	not_DM	BRAF_like	cPTC	wildtype	0	0.0	455.0	0.0	455.0			0.0	455.0	0.0	53.77138945927447	1.0	0	7.713146032126807	6.94454864856876
TCGA-EM-A22K-01A	TCGA-EM-A22K-01	not_DM	RAS_like	cPTC	mutated	1	0.0	479.0	0.0	479.0			0.0	479.0	0.0	46.24229979466119	1.0	0	8.81803861808232	7.993437428110081
TCGA-E3-A3DY-01A	TCGA-E3-A3DY-01	not_DM	BRAF_like	FVPTC	wildtype	0	0.0	2815.0	0.0	2815.0	0.0	2815.0	0.0	2815.0		37.946611909650926	0.0	1	6.608419513116303	6.365373501537249
TCGA-KS-A4I7-01A	TCGA-KS-A4I7-01	not_DM	BRAF_like	cPTC	wildtype	0	0.0	987.0	0.0	987.0	0.0	987.0	0.0	987.0	0.0	61.3223819301848	0.0	0	6.734848545717396	6.295726511908139
TCGA-4C-A93U-01A	TCGA-4C-A93U-01	not_DM	BRAF_like	cPTC	wildtype	0	0.0	129.0	0.0	129.0			0.0	129.0	0.0	74.87474332648871	1.0	0	5.924771135596334	5.490489808589072
TCGA-ET-A25G-01A	TCGA-ET-A25G-01	not_DM	BRAF_like	cPTC	wildtype	0	0.0	2492.0	0.0	2492.0	0.0	2492.0	0.0	2492.0	0.0	56.99110198494182	1.0	0	6.999549306939207	6.261948009283336
TCGA-EL-A3H4-01A	TCGA-EL-A3H4-01	not_DM	BRAF_like	cPTC	wildtype	0	0.0	1512.0	0.0	1512.0			0.0	1512.0	0.0	46.390143737166326	1.0	0	6.852822030411867	6.262375041881585
TCGA-EL-A3ZL-01A	TCGA-EL-A3ZL-01	not_DM	BRAF_like	cPTC	wildtype	0	0.0	1895.0	0.0	1895.0	0.0	1895.0	0.0	1895.0	0.0	34.63107460643395	0.0	0	6.501860033725945	5.784016644935278
TCGA-DJ-A3VE-01A	TCGA-DJ-A3VE-01	not_DM	BRAF_like	cPTC	wildtype	0	0.0	577.0	0.0	577.0	0.0	577.0	0.0	577.0	0.0	50.42299794661191	0.0	1	6.72508939055637	6.073256061850074
TCGA-DJ-A1QL-01A	TCGA-DJ-A1QL-01	DM2	RAS_like	FVPTC	wildtype	0	0.0	535.0	0.0	535.0	0.0	535.0	0.0	535.0	0.0	70.39835728952772	0.0	1	9.517756485810514	8.43099369818985
TCGA-FE-A234-01A	TCGA-FE-A234-01	not_DM	BRAF_like	cPTC	wildtype	0	0.0	2075.0	1.0	483.0	1.0	483.0	0.0	2075.0	0.0	27.94524298425736		0	6.268316232346617	5.826254190013133
TCGA-H2-A26U-01A	TCGA-H2-A26U-01	not_DM	BRAF_like	cPTC	wildtype	0	0.0	517.0	0.0	517.0			0.0	517.0	0.0	54.55715263518138	1.0	0	6.0682097503439785	5.741358237287699
TCGA-EM-A1CS-01A	TCGA-EM-A1CS-01	DM1	BRAF_like	cPTC	wildtype	0	0.0	817.0	0.0	817.0	0.0	817.0	0.0	817.0	0.0	55.53456536618754	0.0	0	7.362692872776751	6.8943166372993305
TCGA-CE-A484-01A	TCGA-CE-A484-01	DM1	BRAF_like	cPTC	mutated	1	0.0	378.0	0.0	378.0	0.0	378.0	0.0	378.0	0.0	37.82340862422998	0.0	0	7.978684190712951	7.119744931077284
TCGA-DJ-A3VJ-01A	TCGA-DJ-A3VJ-01	not_DM	BRAF_like	unknown	wildtype	0	0.0	1108.0	0.0	1108.0	0.0	1108.0	0.0	1108.0	0.0	22.83641341546885	0.0	1	7.60457751347909	6.604539732899911
TCGA-ET-A39M-01A	TCGA-ET-A39M-01	not_DM	BRAF_like	cPTC	wildtype	0	0.0	2582.0	0.0	2582.0	0.0	2582.0	0.0	2582.0	0.0	34.06160164271047	0.0	1	7.088295196274174	6.280837719036188
TCGA-BJ-A2P4-01A	TCGA-BJ-A2P4-01	not_DM	RAS_like	cPTC	wildtype	0	0.0	390.0	0.0	390.0	0.0	390.0	0.0	390.0	0.0	29.026694045174537	0.0	0	8.81070929693006	7.7251393525469245
TCGA-ET-A2MY-01A	TCGA-ET-A2MY-01	not_DM	BRAF_like	cPTC	wildtype	0	0.0	1787.0	0.0	1787.0	0.0	1787.0	0.0	1787.0	0.0	72.29568788501027	0.0	0	6.701151517547973	6.263502594603778
TCGA-EL-A3ZP-01A	TCGA-EL-A3ZP-01	DM1	BRAF_like	cPTC	wildtype	0	0.0	1992.0	0.0	1992.0	0.0	1992.0	0.0	1992.0	0.0	19.44147843942505	0.0	1	8.050699456428028	6.955664493833521
TCGA-E8-A418-01A	TCGA-E8-A418-01	not_DM	BRAF_like	cPTC	mutated	1	0.0	92.0	0.0	92.0			0.0	92.0	0.0	75.93976728268309	1.0	0	6.67084241778706	5.944367593433959
TCGA-DJ-A2Q4-01A	TCGA-DJ-A2Q4-01	not_DM	BRAF_like	cPTC	wildtype	0	0.0	1032.0	0.0	1032.0	0.0	1032.0	0.0	1032.0	0.0	53.90554414784394	1.0	1	7.285035533462798	6.47812359002825
TCGA-EL-A3MW-01A	TCGA-EL-A3MW-01	not_DM	BRAF_like	cPTC	wildtype	0	0.0	3305.0	0.0	3305.0	0.0	3305.0	0.0	3305.0	0.0	55.2662559890486	0.0	0	6.858692981425245	6.447329275449382
TCGA-BJ-A0YZ-01A	TCGA-BJ-A0YZ-01	DM2	BRAF_like	cPTC	wildtype	0	0.0	754.0	0.0	754.0	0.0	754.0	0.0	754.0	0.0	65.98767967145791	0.0	1	8.215951572879954	7.40913585535005
TCGA-E8-A2JQ-01A	TCGA-E8-A2JQ-01	not_DM	BRAF_like	cPTC	wildtype	0	0.0	356.0	0.0	356.0			0.0	356.0	0.0	18.299794661190965	0.0	0	6.539666736784186	5.6984755160539855
TCGA-FY-A3NM-01A	TCGA-FY-A3NM-01	DM2	BRAF_like	cPTC	wildtype	0	0.0	885.0	0.0	885.0	0.0	885.0	0.0	885.0	0.0	48.55304585900068	1.0	0	10.45517835121162	9.083282754100484
TCGA-EM-A4FN-01A	TCGA-EM-A4FN-01	not_DM	BRAF_like	cPTC	wildtype	0	0.0	802.0	0.0	802.0			0.0	802.0	0.0	49.78781656399726	1.0	0	6.394120721124473	5.656695235692317
TCGA-EL-A3H7-01A	TCGA-EL-A3H7-01	not_DM	BRAF_like	cPTC	wildtype	0	0.0	4228.0	0.0	4228.0	0.0	4228.0	0.0	4228.0	0.0	36.70636550308008	0.0	0	5.917088831223422	5.3370938715837255
TCGA-DJ-A1QF-01A	TCGA-DJ-A1QF-01	not_DM	BRAF_like	cPTC	wildtype	0	0.0	931.0	0.0	931.0	0.0	931.0	0.0	931.0	0.0	61.08145106091718	0.0	0	6.62951882966421	6.380924045784266
TCGA-BJ-A2NA-01A	TCGA-BJ-A2NA-01	not_DM	BRAF_like	cPTC	wildtype	0	0.0	577.0	1.0	127.0			0.0	577.0	1.0	77.06228610540725	1.0	1	7.1611925531064005	6.48152501504973
TCGA-BJ-A3PR-01A	TCGA-BJ-A3PR-01	DM1	BRAF_like	cPTC	wildtype	0	0.0	1107.0	0.0	1107.0	0.0	1107.0	0.0	1107.0	0.0	69.99315537303217	0.0	0	7.844223099036645	6.6628343631153655
TCGA-KS-A4I3-01A	TCGA-KS-A4I3-01	not_DM	BRAF_like	cPTC	wildtype	0	0.0	1329.0	0.0	1329.0			0.0	1329.0	0.0	41.04585900068447	0.0	1	6.827705542966173	6.271594659470493
TCGA-DJ-A2PY-01A	TCGA-DJ-A2PY-01	not_DM	BRAF_like	cPTC	wildtype	0	0.0	267.0	0.0	267.0	0.0	267.0	0.0	267.0	0.0	46.69678302532512	1.0	0	6.391341903710076	5.909030835167512
TCGA-EL-A3H8-01A	TCGA-EL-A3H8-01	not_DM	BRAF_like	unknown	wildtype	0	0.0	4577.0	0.0	4577.0	0.0	4577.0	0.0	4577.0	0.0	34.97604380561259		0	6.976543111427137	6.389832342205803
TCGA-EL-A3CO-01A	TCGA-EL-A3CO-01	DM1	BRAF_like	cPTC	wildtype	0	1.0	2973.0	0.0	2973.0				2973.0	0.0	88.01095140314852	1.0	1	9.23232892308285	7.832134795860915
TCGA-EL-A4K2-01A	TCGA-EL-A4K2-01	not_DM	RAS_like	cPTC	wildtype	0	0.0	928.0	0.0	928.0	0.0	928.0	0.0	928.0	0.0	43.7015742642026	0.0	0	9.481270889425735	8.261825246689275
TCGA-FE-A23A-01A	TCGA-FE-A23A-01	not_DM	BRAF_like	cPTC	wildtype	0	0.0	2489.0	0.0	2489.0	0.0	2489.0	0.0	2489.0	0.0	27.863107460643395	0.0	0	6.490183699284807	5.684527669071881
TCGA-EL-A4K1-01A	TCGA-EL-A4K1-01	not_DM	BRAF_like	cPTC	wildtype	0	0.0	1046.0	0.0	1046.0	0.0	1046.0	0.0	1046.0	0.0	68.02464065708419	1.0	0	6.12880893557281	5.577679162078059
TCGA-DJ-A3VF-01A	TCGA-DJ-A3VF-01	not_DM	BRAF_like	cPTC	wildtype	0	0.0	292.0	0.0	292.0			0.0	292.0	0.0	60.87337440109514	1.0	0	5.834592887340962	5.293360920675096
TCGA-CE-A482-01A	TCGA-CE-A482-01	DM1	BRAF_like	cPTC	wildtype	0	0.0	325.0	0.0	325.0	0.0	325.0	0.0	325.0	0.0	27.904175222450377	0.0	0	6.77372824322302	6.428343737909927
TCGA-EM-A3SU-01A	TCGA-EM-A3SU-01	not_DM	BRAF_like	cPTC	wildtype	0	0.0	911.0	0.0	911.0	0.0	911.0	0.0	911.0	0.0	43.17043121149897	0.0	0	6.39087291865118	5.695402722285236
TCGA-FE-A3PC-01A	TCGA-FE-A3PC-01	not_DM	BRAF_like	cPTC	wildtype	0	0.0	2606.0	0.0	2606.0	0.0	2606.0	0.0	2606.0	0.0	37.828884325804246	0.0	0	6.916985598974955	6.229817960536817
TCGA-EM-A3FQ-01A	TCGA-EM-A3FQ-01	DM1	BRAF_like	cPTC	wildtype	0	0.0	492.0	0.0	492.0	0.0	492.0	0.0	492.0	0.0	19.64681724845996	0.0	0	8.682965588744425	7.530869980154867
TCGA-EL-A3GO-01A	TCGA-EL-A3GO-01	DM2	BRAF_like	cPTC	wildtype	0	0.0	1973.0	1.0	6.0	1.0	6.0	0.0	1973.0	1.0	31.770020533880903	0.0	0	8.605296276434126	7.585460281889146
TCGA-E8-A44K-01A	TCGA-E8-A44K-01	not_DM	BRAF_like	cPTC	wildtype	0	0.0	943.0	0.0	943.0	0.0	943.0	0.0	943.0	0.0	50.573579739904176	0.0	0	6.381676987568083	5.89766199669112
TCGA-EM-A3SU-06A	TCGA-EM-A3SU-06	not_DM	BRAF_like	cPTC	wildtype	0	0.0	911.0	0.0	911.0	0.0	911.0	0.0	911.0	0.0		0.0	0	6.557631040614407	5.889974997547858
TCGA-DJ-A3UZ-01A	TCGA-DJ-A3UZ-01	DM1	BRAF_like	cPTC	wildtype	0	0.0	1246.0	0.0	1246.0	0.0	1246.0	0.0	1246.0	0.0	70.7624914442163	1.0	0	8.851581820300565	7.852968171762011
TCGA-BJ-A0ZE-01A	TCGA-BJ-A0ZE-01	not_DM	RAS_like	cPTC	wildtype	0	0.0	509.0	0.0	509.0			0.0	509.0	0.0	63.65503080082136	1.0	0	8.800702897829446	7.741517692063017
TCGA-E8-A432-01A	TCGA-E8-A432-01	DM1	BRAF_like	cPTC	wildtype	0	0.0	931.0	1.0	720.0	1.0	720.0	0.0	931.0	1.0	59.1211498973306		0	6.480769747727436	6.41101048855888
TCGA-BJ-A18Y-01A	TCGA-BJ-A18Y-01	not_DM	RAS_like	cPTC	wildtype	0	0.0	1563.0	0.0	1563.0	0.0	1563.0	0.0	1563.0	0.0	29.65639972621492	0.0	1	9.535909541845772	8.46116051512197
TCGA-DJ-A4UT-01A	TCGA-DJ-A4UT-01	DM1	BRAF_like	cPTC	wildtype	0	0.0	823.0	0.0	823.0	0.0	823.0	0.0	823.0	0.0	32.342231348391515	0.0	0	7.386982565795049	6.660281678559666
TCGA-DJ-A2Q3-01A	TCGA-DJ-A2Q3-01	not_DM	BRAF_like	unknown	wildtype	0	0.0	1224.0	1.0	385.0	0.0	1224.0	0.0	1224.0	1.0	63.03080082135524		0	7.466100596950495	6.840851636301848
TCGA-ET-A40R-01A	TCGA-ET-A40R-01	DM1	RAS_like	FVPTC	wildtype	0	0.0	1350.0	0.0	1350.0			0.0	1350.0	0.0	24.539356605065024	0.0	0	9.600697854317652	8.251183663203102
TCGA-EM-A2CR-01A	TCGA-EM-A2CR-01	not_DM	RAS_like	FVPTC	wildtype	0	0.0	415.0	0.0	415.0	0.0	415.0	0.0	415.0	0.0	46.01505817932922	0.0	0	8.017414936255971	6.950458824771902
TCGA-J8-A4HY-01A	TCGA-J8-A4HY-01	not_DM	BRAF_like	cPTC	wildtype	0	0.0	6.0	0.0	6.0			0.0	6.0	0.0	68.73648186173854	1.0	0	8.591999853270124	7.56420199290404
TCGA-DJ-A3UP-01A	TCGA-DJ-A3UP-01	not_DM	RAS_like	FVPTC	wildtype	0	0.0	499.0	0.0	499.0	0.0	499.0	0.0	499.0	0.0	38.053388090349074	0.0	0	8.635038695954796	7.724923633494015
TCGA-EM-A3FR-01A	TCGA-EM-A3FR-01	DM2	BRAF_like	cPTC	wildtype	0	0.0	457.0	0.0	457.0	0.0	457.0	0.0	457.0	0.0	55.71252566735113	1.0	0	8.918754759128664	7.8305315995623745
TCGA-DJ-A4UQ-01A	TCGA-DJ-A4UQ-01	DM1	unknown	unknown	wildtype	0	0.0	1005.0	0.0	1005.0			0.0	1005.0	0.0	60.498288843258045	1.0	1	7.990912361633966	7.210758956861261
TCGA-ET-A4KQ-01A	TCGA-ET-A4KQ-01	DM2	RAS_like	FVPTC	wildtype	0	0.0	955.0	0.0	955.0	0.0	955.0	0.0	955.0	0.0	45.68104038329911	0.0	0	9.59344911271084	8.505184173281457
TCGA-CE-A481-01A	TCGA-CE-A481-01	DM1	BRAF_like	cPTC	wildtype	0	0.0	346.0	0.0	346.0	0.0	346.0	0.0	346.0	0.0	41.80150581793292	0.0	0	8.151950910319542	7.406317517878882
TCGA-EM-A3O3-01A	TCGA-EM-A3O3-01	not_DM	BRAF_like	cPTC	mutated	1	0.0	441.0	0.0	441.0	0.0	441.0	0.0	441.0	0.0	83.50444900752909	1.0	0	5.8127326623066	5.08460186755849
TCGA-EM-A2CP-01A	TCGA-EM-A2CP-01	DM1	RAS_like	FVPTC	wildtype	0	0.0	91.0	0.0	91.0	0.0	91.0	0.0	91.0		26.71868583162217	0.0	0	8.688200790072575	7.3728816937200925
TCGA-EL-A3H3-01A	TCGA-EL-A3H3-01	DM1	BRAF_like	cPTC	wildtype	0	0.0	1319.0	0.0	1319.0	0.0	1319.0	0.0	1319.0	0.0	19.16495550992471	0.0	0	6.83075460113434	6.206333378091036
TCGA-EL-A3CS-01A	TCGA-EL-A3CS-01	DM1	BRAF_like	cPTC	mutated	1	1.0	1385.0	1.0	1385.0			1.0	1385.0	0.0	62.95140314852841	1.0	0	6.4803205194801325	5.7844655001720495
TCGA-BJ-A0Z3-01A	TCGA-BJ-A0Z3-01	not_DM	BRAF_like	cPTC	wildtype	0	0.0	497.0	0.0	497.0			0.0	497.0	0.0	33.661875427789184	0.0	0	7.142197227802648	6.49935493066113
TCGA-DJ-A2PT-01A	TCGA-DJ-A2PT-01	not_DM	BRAF_like	cPTC	wildtype	0	0.0	1181.0	0.0	1181.0	0.0	1181.0	0.0	1181.0	0.0	70.7378507871321	1.0	0	6.081662120766634	5.417501722029475
TCGA-ET-A39I-01A	TCGA-ET-A39I-01	not_DM	RAS_like	FVPTC	wildtype	0	1.0	1011.0	0.0	1011.0	0.0	1011.0	0.0	1011.0	0.0	83.09103353867214	0.0	0	9.791181487474551	8.648203185804054
TCGA-FK-A3SD-01A	TCGA-FK-A3SD-01	DM2	BRAF_like	cPTC	wildtype	0	0.0	32.0	0.0	32.0	0.0	32.0	0.0	32.0	0.0	61.76591375770021	0.0	0	9.941297492039691	8.54621213632803
TCGA-DJ-A13W-01A	TCGA-DJ-A13W-01	DM1	RAS_like	FVPTC	wildtype	0	0.0	1593.0	0.0	1593.0	0.0	1593.0	0.0	1593.0	0.0	45.333333333333336	0.0	0	7.31335016984323	6.451873570197043
TCGA-DJ-A13R-01A	TCGA-DJ-A13R-01	DM1	RAS_like	FVPTC	wildtype	0	0.0	565.0	0.0	565.0	0.0	565.0	0.0	565.0	0.0	50.25051334702259	1.0	1	7.593396658658575	6.502109226768198
TCGA-DJ-A1QI-01A	TCGA-DJ-A1QI-01	not_DM	BRAF_like	cPTC	mutated	1	0.0	455.0	0.0	455.0	0.0	455.0	0.0	455.0	0.0	63.16769336071184	0.0	0	6.606406716511214	6.137597172345981
TCGA-EL-A3ZK-01A	TCGA-EL-A3ZK-01	DM1	BRAF_like	cPTC	wildtype	0	0.0	1575.0	0.0	1575.0	0.0	1575.0	0.0	1575.0	0.0	41.399041752224505	0.0	0	7.046222406131077	6.519598086570972
TCGA-EL-A4JZ-01A	TCGA-EL-A4JZ-01	not_DM	BRAF_like	cPTC	mutated	1	0.0	1856.0	0.0	1856.0	0.0	1856.0	0.0	1856.0	0.0	55.55099247091034	1.0	0	6.468326660195945	6.070832444177133
TCGA-ET-A2N4-01A	TCGA-ET-A2N4-01	not_DM	BRAF_like	FVPTC	wildtype	0	0.0	81.0	0.0	81.0			0.0	81.0	0.0	53.856262833675565	1.0	0	6.679654763084136	6.398524954365665
TCGA-ET-A3DS-01A	TCGA-ET-A3DS-01	DM2	BRAF_like	cPTC	wildtype	0	0.0	2033.0	0.0	2033.0	0.0	2033.0	0.0	2033.0	0.0	33.544147843942504	0.0	0	10.540301182596592	9.148749707323155
TCGA-EL-A3D4-01A	TCGA-EL-A3D4-01	DM1	BRAF_like	cPTC	wildtype	0	0.0	2116.0	0.0	2116.0			0.0	2116.0	0.0	62.75975359342916	1.0	1	8.504640770586647	7.534757953239983
TCGA-DJ-A2PZ-01A	TCGA-DJ-A2PZ-01	not_DM	BRAF_like	cPTC	wildtype	0	0.0	256.0	0.0	256.0	0.0	256.0	0.0	256.0	0.0	63.879534565366185	1.0	1	8.015273175045081	6.903397020551045
TCGA-FY-A3RA-01A	TCGA-FY-A3RA-01	not_DM	BRAF_like	cPTC	wildtype	0	0.0	550.0	0.0	550.0	0.0	550.0	0.0	550.0	0.0	21.6290212183436	0.0	0	6.476517966389408	6.0956215902880295
TCGA-EM-A4FV-01A	TCGA-EM-A4FV-01	not_DM	BRAF_like	cPTC	wildtype	0	0.0	744.0	0.0	744.0	0.0	744.0	0.0	744.0	0.0	64.68720054757016	0.0	0	8.598421754375938	7.453477194271314
TCGA-EM-A3AN-01A	TCGA-EM-A3AN-01	DM1	BRAF_like	cPTC	wildtype	0	0.0	1006.0	0.0	1006.0			0.0	1006.0	0.0	36.10677618069816	0.0	0	7.722346229957552	7.190470013537871
TCGA-DJ-A3UN-01A	TCGA-DJ-A3UN-01	not_DM	BRAF_like	cPTC	wildtype	0	0.0	986.0	0.0	986.0	0.0	986.0	0.0	986.0	0.0	51.66598220396988	0.0	0	7.717034050947758	6.929978182870459
TCGA-J8-A42S-01A	TCGA-J8-A42S-01	not_DM	BRAF_like	cPTC	wildtype	0	0.0	75.0	0.0	75.0	0.0	75.0	0.0	75.0	0.0	45.47296372347707	1.0	1	7.92651966537582	6.939589423810971
TCGA-EL-A4JX-01A	TCGA-EL-A4JX-01	not_DM	BRAF_like	cPTC	wildtype	0	0.0	1398.0	0.0	1398.0	0.0	1398.0	0.0	1398.0	0.0	31.38945927446954	0.0	0	5.977645072671279	5.440345090409582
TCGA-DE-A0Y2-01A	TCGA-DE-A0Y2-01	DM1	BRAF_like	cPTC	wildtype	0	0.0	658.0	0.0	658.0	0.0	658.0	0.0	658.0	0.0	30.7378507871321	0.0	0	6.611810201258653	6.194822960158231
TCGA-EL-A4JV-01A	TCGA-EL-A4JV-01	not_DM	RAS_like	cPTC	wildtype	0	0.0	1748.0	0.0	1748.0	0.0	1748.0	0.0	1748.0	0.0	41.24572210814511	0.0	0	8.79272504718585	8.150481633809633
TCGA-KS-A4I1-01A	TCGA-KS-A4I1-01	not_DM	BRAF_like	cPTC	wildtype	0	0.0	812.0	0.0	812.0			0.0	812.0	0.0	37.06502395619439	0.0	0	6.356646510247513	5.499583276025883
TCGA-CE-A27D-01A	TCGA-CE-A27D-01	DM1	BRAF_like	cPTC	wildtype	0	0.0	374.0	0.0	374.0	0.0	374.0	0.0	374.0	0.0	28.84599589322382	0.0	0	9.308179266548803	8.085325517551052
TCGA-BJ-A0Z0-01A	TCGA-BJ-A0Z0-01	DM2	BRAF_like	cPTC	wildtype	0	0.0	419.0	0.0	419.0	0.0	419.0	0.0	419.0	0.0	55.74537987679671	0.0	1	9.54683741948233	8.697800323946213
TCGA-EL-A3CU-01A	TCGA-EL-A3CU-01	not_DM	BRAF_like	cPTC	mutated	1	0.0	4780.0	0.0	4780.0	0.0	4780.0	0.0	4780.0	0.0	70.85831622176592	1.0	0	6.800910092972687	6.263040913019987
TCGA-EM-A2CK-01A	TCGA-EM-A2CK-01	not_DM	RAS_like	FVPTC	wildtype	0	0.0	544.0	0.0	544.0	0.0	544.0	0.0	544.0	0.0	28.70636550308008	0.0	1	9.27647822633743	8.338651190009756
TCGA-FK-A4UB-01A	TCGA-FK-A4UB-01	DM1	BRAF_like	cPTC	wildtype	0	0.0	3531.0	0.0	3531.0			0.0	3531.0	0.0	51.449691991786445	1.0	1	7.431377558531693	6.855516721555548
TCGA-ET-A2N5-01A	TCGA-ET-A2N5-01	not_DM	RAS_like	FVPTC	wildtype	0	0.0	2460.0	0.0	2460.0			0.0	2460.0	0.0	46.91854893908282	1.0	0	8.931466964184406	7.999758564421587
TCGA-EM-A2P0-01A	TCGA-EM-A2P0-01	not_DM	BRAF_like	cPTC	wildtype	0	0.0	535.0	0.0	535.0	0.0	535.0	0.0	535.0	0.0	33.20191649555099	0.0	1	8.25739433704776	7.494417175727095
TCGA-H2-A421-01A	TCGA-H2-A421-01	DM1	BRAF_like	cPTC	wildtype	0	0.0	610.0	0.0	610.0			0.0	610.0	0.0	34.652977412731005	0.0	0	7.099838187898219	6.231741943130238
TCGA-CE-A483-01A	TCGA-CE-A483-01	DM1	BRAF_like	cPTC	wildtype	0	0.0	457.0	0.0	457.0	0.0	457.0	0.0	457.0	0.0	34.95687885010267	0.0	0	6.724989802606366	6.364192697176726
TCGA-FY-A76V-01A	TCGA-FY-A76V-01	DM1	BRAF_like	cPTC	wildtype	0	0.0	51.0	0.0	51.0	0.0	51.0	0.0	51.0	0.0	54.40657084188912	0.0	1	8.305739830136178	7.57361811839981
TCGA-EL-A3GX-01A	TCGA-EL-A3GX-01	not_DM	BRAF_like	cPTC	wildtype	0	0.0	4494.0	1.0	439.0	1.0	439.0	0.0	4494.0	0.0	42.85010266940452		0	6.254729118925104	5.630977757675416
TCGA-DO-A2HM-01B	TCGA-DO-A2HM-01	DM1	BRAF_like	cPTC	wildtype	0	0.0	71.0	0.0	71.0			0.0	71.0		49.46748802190281	1.0	1	6.403337713733416	5.804172541513432
TCGA-IM-A3U2-01A	TCGA-IM-A3U2-01	not_DM	BRAF_like	cPTC	mutated	1	0.0	563.0	0.0	563.0			0.0	563.0		89.47843942505133	1.0	0	6.355980924306792	5.627153593959811
TCGA-EL-A3T0-01A	TCGA-EL-A3T0-01	DM1	BRAF_like	cPTC	wildtype	0	0.0	4335.0	0.0	4335.0	0.0	4335.0	0.0	4335.0	0.0	45.99041752224504	1.0	0	8.920727748195969	7.886213779570408
TCGA-E3-A3E1-01A	TCGA-E3-A3E1-01	not_DM	BRAF_like	cPTC	wildtype	0	0.0	2449.0	0.0	2449.0	0.0	2449.0	0.0	2449.0	0.0	46.25598904859685	0.0	0	7.779056704389435	7.0303288448259895
TCGA-ET-A3BX-01A	TCGA-ET-A3BX-01	not_DM	BRAF_like	cPTC	wildtype	0	0.0	1596.0	0.0	1596.0	0.0	1596.0	0.0	1596.0	0.0	24.0684462696783	0.0	1	6.664131617762572	6.149017736490434
TCGA-BJ-A0ZJ-01A	TCGA-BJ-A0ZJ-01	DM1	BRAF_like	cPTC	wildtype	0	0.0	1280.0	0.0	1280.0	0.0	1280.0	0.0	1280.0	0.0	36.0	0.0	1	8.432597162760299	7.596574962452949
TCGA-EL-A3T9-01A	TCGA-EL-A3T9-01	DM1	BRAF_like	cPTC	mutated	1	1.0	174.0	1.0	174.0			1.0	174.0	0.0	69.77138945927447	1.0	0	5.931701348970211	5.159055486910014
TCGA-EM-A1YD-01A	TCGA-EM-A1YD-01	DM2	RAS_like	FVPTC	wildtype	0	0.0	1734.0	0.0	1734.0	0.0	1734.0	0.0	1734.0	0.0	53.02121834360028	0.0	0	10.16119808271924	8.78092807608925
TCGA-ET-A3BP-01A	TCGA-ET-A3BP-01	not_DM	BRAF_like	cPTC	wildtype	0	0.0	2406.0	0.0	2406.0	0.0	2406.0	0.0	2406.0	0.0	34.48049281314169	0.0	0	6.462413331945618	5.988650350652467
TCGA-EL-A3H1-01A	TCGA-EL-A3H1-01	DM2	BRAF_like	cPTC	wildtype	0	1.0	1500.0	0.0	1500.0	0.0	1500.0	0.0	1500.0	0.0	66.60643394934976	0.0	0	9.131181513703725	8.340032480568711
TCGA-DJ-A3VK-01A	TCGA-DJ-A3VK-01	DM1	unknown	unknown	wildtype	0	0.0	753.0	0.0	753.0	0.0	753.0	0.0	753.0	0.0			1	8.411777369244017	7.561390826846021
TCGA-EM-A4FR-01A	TCGA-EM-A4FR-01	DM1	BRAF_like	cPTC	wildtype	0	0.0	655.0	0.0	655.0	0.0	655.0	0.0	655.0	0.0	28.24366872005476	0.0	1	8.913425470871644	7.754684767038915
TCGA-EM-A22M-01A	TCGA-EM-A22M-01	not_DM	BRAF_like	cPTC	wildtype	0	0.0	442.0	0.0	442.0	0.0	442.0	0.0	442.0	0.0	52.18069815195072	0.0	1	6.984203621791918	6.299326771207878
TCGA-EL-A3ZR-01A	TCGA-EL-A3ZR-01	DM2	BRAF_like	cPTC	wildtype	0	0.0	1830.0	0.0	1830.0	0.0	1830.0	0.0	1830.0	0.0	46.13826146475017	0.0	0	8.782059120112198	7.878934992268861
TCGA-DJ-A4UW-01A	TCGA-DJ-A4UW-01	not_DM	BRAF_like	cPTC	wildtype	0	0.0	819.0	0.0	819.0			0.0	819.0	0.0	34.39561943874059	0.0	0	8.4120888236418	7.365838492360869
TCGA-DJ-A13V-01A	TCGA-DJ-A13V-01	not_DM	BRAF_like	cPTC	wildtype	0	0.0	1313.0	0.0	1313.0	0.0	1313.0	0.0	1313.0	0.0	21.67008898015058	0.0	0	6.625166923017904	6.06169422037543
TCGA-E8-A417-01A	TCGA-E8-A417-01	not_DM	BRAF_like	cPTC	wildtype	0	0.0	938.0	0.0	938.0	0.0	938.0	0.0	938.0	0.0	38.38193018480493	0.0	0	6.836569173814549	6.398218468156039
TCGA-EM-A2P1-06A	TCGA-EM-A2P1-06	DM1	BRAF_like	cPTC	wildtype	0	0.0	531.0	1.0	363.0	1.0	363.0	0.0	531.0	1.0			0	6.129838419474485	5.51442018616584
TCGA-DJ-A1QQ-01A	TCGA-DJ-A1QQ-01	not_DM	BRAF_like	cPTC	wildtype	0	0.0	534.0	0.0	534.0	0.0	534.0	0.0	534.0	0.0	43.66598220396988	0.0	1	8.1709337085474	7.095023053357776
TCGA-ET-A39R-01A	TCGA-ET-A39R-01	DM1	BRAF_like	cPTC	wildtype	0	0.0	2863.0	0.0	2863.0	0.0	2863.0	0.0	2863.0	0.0	24.16974674880219	0.0	0	7.551822968042641	6.888615161577775
TCGA-ET-A3DR-01A	TCGA-ET-A3DR-01	DM1	BRAF_like	cPTC	wildtype	0	0.0	2451.0	0.0	2451.0	0.0	2451.0	0.0	2451.0	0.0	42.17385352498289	0.0	0	9.111366903367529	7.743390443978573
TCGA-ET-A2N3-01B	TCGA-ET-A2N3-01	DM2	RAS_like	FVPTC	wildtype	0	0.0	2535.0	0.0	2535.0			0.0	2535.0	0.0	34.50513347022587	0.0	0	8.838514552151173	7.93177262689234
TCGA-CE-A485-01A	TCGA-CE-A485-01	DM1	BRAF_like	cPTC	wildtype	0	0.0	385.0	0.0	385.0	0.0	385.0	0.0	385.0	0.0	32.84599589322382	0.0	1	7.751766338772751	7.009203695363216
TCGA-ET-A3DT-01A	TCGA-ET-A3DT-01	DM1	BRAF_like	cPTC	wildtype	0	0.0	1330.0	0.0	1330.0	0.0	1330.0	0.0	1330.0	0.0	23.98631074606434	0.0	0	6.719702677398701	6.101255015074258
TCGA-CE-A13K-01A	TCGA-CE-A13K-01	DM1	BRAF_like	cPTC	wildtype	0	0.0	385.0	0.0	385.0	0.0	385.0	0.0	385.0	0.0	30.45037645448323	0.0	0	6.688526834283918	6.6862781603808426
TCGA-DJ-A3V8-01A	TCGA-DJ-A3V8-01	not_DM	BRAF_like	cPTC	wildtype	0	0.0	647.0	0.0	647.0	0.0	647.0	0.0	647.0	0.0	28.468172484599588	0.0	0	7.145270130969829	6.386836918538142
TCGA-BJ-A290-01A	TCGA-BJ-A290-01	not_DM	BRAF_like	cPTC	wildtype	0	0.0	919.0	1.0	329.0			0.0	919.0	1.0	71.54551676933607		1	6.379771989178218	5.743569735552179
TCGA-ET-A3BO-01A	TCGA-ET-A3BO-01	not_DM	BRAF_like	unknown	mutated	1	0.0	1533.0	0.0	1533.0			0.0	1533.0	0.0			0	6.104781131571206	5.9242482444159945
TCGA-EL-A3N3-01A	TCGA-EL-A3N3-01	not_DM	BRAF_like	unknown	wildtype	0	0.0	5423.0	0.0	5423.0	0.0	5423.0	0.0	5423.0	0.0	51.46611909650924		0	6.3562246160153295	5.740610309888431
TCGA-DJ-A1QH-01A	TCGA-DJ-A1QH-01	not_DM	BRAF_like	cPTC	wildtype	0	0.0	1293.0	0.0	1293.0			0.0	1293.0	0.0	57.99863107460644	1.0	0	6.499364500402875	5.976342124582688
TCGA-J8-A3O2-06A	TCGA-J8-A3O2-06	not_DM	BRAF_like	cPTC	wildtype	0	0.0	342.0	0.0	342.0			0.0	342.0	0.0		0.0	0	6.89453272590824	6.061540040215804
TCGA-DJ-A2Q9-01A	TCGA-DJ-A2Q9-01	DM1	BRAF_like	cPTC	wildtype	0	0.0	1092.0	0.0	1092.0	0.0	1092.0	0.0	1092.0	0.0	65.57426420260096	1.0	0	6.879659389020992	6.116306134508643
TCGA-BJ-A190-01A	TCGA-BJ-A190-01	DM2	BRAF_like	cPTC	wildtype	0	0.0	626.0	0.0	626.0	0.0	626.0	0.0	626.0	0.0	55.87132101300479	0.0	1	9.79366604512511	8.68995844587458
TCGA-DE-A3KN-01A	TCGA-DE-A3KN-01	DM1	BRAF_like	cPTC	wildtype	0	0.0	831.0	0.0	831.0			0.0	831.0	0.0	49.549623545516766	1.0	0	7.370376326450786	7.135010667027248
TCGA-EM-A3AL-01A	TCGA-EM-A3AL-01	DM2	RAS_like	FVPTC	wildtype	0	0.0	430.0	0.0	430.0	0.0	430.0	0.0	430.0	0.0	45.007529089664615	0.0	0	9.614580148720112	8.424280928369338
TCGA-ET-A25R-01A	TCGA-ET-A25R-01	not_DM	BRAF_like	cPTC	wildtype	0	0.0	1930.0	0.0	1930.0	0.0	1930.0	0.0	1930.0	0.0	51.644079397672826	1.0	0	6.250645235393947	5.9514695431530935
TCGA-EM-A1YC-01A	TCGA-EM-A1YC-01	DM2	RAS_like	FVPTC	wildtype	0	0.0	2391.0	0.0	2391.0	0.0	2391.0	0.0	2391.0	0.0	71.57563312799452	1.0	0	8.40604245585459	7.867100735305559
TCGA-ET-A3DO-01A	TCGA-ET-A3DO-01	not_DM	BRAF_like	cPTC	wildtype	0	0.0	3552.0	1.0	570.0	1.0	570.0	0.0	3552.0	1.0	35.09103353867214		0	6.0629944704340994	5.491969378818784
TCGA-EM-A3SZ-01A	TCGA-EM-A3SZ-01	not_DM	BRAF_like	cPTC	wildtype	0	0.0	389.0	0.0	389.0	0.0	389.0	0.0	389.0	0.0	42.87200547570158	0.0	0	6.638637039041774	5.964760445112615
TCGA-BJ-A18Z-01A	TCGA-BJ-A18Z-01	not_DM	BRAF_like	cPTC	wildtype	0	0.0	1263.0	0.0	1263.0			0.0	1263.0	0.0	58.91581108829569	1.0	1	6.965004869953384	6.246823885555338
TCGA-EM-A4FK-01A	TCGA-EM-A4FK-01	not_DM	RAS_like	FVPTC	wildtype	0	0.0	649.0	0.0	649.0	0.0	649.0	0.0	649.0	0.0	33.90280629705681	0.0	0	9.226621533316006	8.335315610863193
TCGA-EM-A3FK-01A	TCGA-EM-A3FK-01	not_DM	BRAF_like	cPTC	wildtype	0	0.0	723.0	0.0	723.0	0.0	723.0	0.0	723.0	0.0	30.094455852156056	0.0	0	7.107712114401188	6.481051396230042
TCGA-EM-A3SX-01A	TCGA-EM-A3SX-01	not_DM	BRAF_like	cPTC	wildtype	0	0.0	908.0	0.0	908.0			0.0	908.0	0.0	28.602327173169066	0.0	0	7.27631895954238	6.408471946775607
TCGA-BJ-A0Z5-01A	TCGA-BJ-A0Z5-01	DM1	BRAF_like	cPTC	wildtype	0	0.0	448.0	0.0	448.0			0.0	448.0	0.0	58.50513347022587	1.0	1	7.060523970703302	6.577219394373105
TCGA-EM-A4FM-01A	TCGA-EM-A4FM-01	not_DM	BRAF_like	cPTC	mutated	1	0.0	162.0	0.0	162.0			0.0	162.0	0.0	59.12388774811773	1.0	0	5.807757064986836	5.177734150658524
TCGA-EL-A3GY-01A	TCGA-EL-A3GY-01	not_DM	BRAF_like	cPTC	wildtype	0	0.0	3076.0	0.0	3076.0	0.0	3076.0	0.0	3076.0	0.0	40.55852156057495	0.0	0	6.730384351794713	6.160406289750652
TCGA-DO-A1JZ-01A	TCGA-DO-A1JZ-01	DM1	RAS_like	FVPTC	wildtype	0	0.0	1670.0	0.0	1670.0			0.0	1670.0	0.0	23.4113620807666	0.0	0	7.430577484920011	6.797414672560396
TCGA-EM-A3AO-01A	TCGA-EM-A3AO-01	DM1	BRAF_like	cPTC	wildtype	0	0.0	1354.0	0.0	1354.0			0.0	1354.0		61.18275154004107	1.0	1	7.42506616490681	6.874692123606058
TCGA-ET-A39J-01A	TCGA-ET-A39J-01	not_DM	BRAF_like	cPTC	wildtype	0	0.0	3227.0	0.0	3227.0	0.0	3227.0	0.0	3227.0	0.0	23.24709103353868	0.0	0	7.57319319871304	6.649257971573549
TCGA-E8-A437-01A	TCGA-E8-A437-01	not_DM	BRAF_like	cPTC	wildtype	0	0.0	1213.0	0.0	1213.0			0.0	1213.0	0.0	57.69472963723477	0.0	0	7.892184035036114	6.956292993601446
TCGA-EM-A2OZ-01A	TCGA-EM-A2OZ-01	not_DM	BRAF_like	cPTC	wildtype	0	0.0	1033.0	0.0	1033.0	0.0	1033.0	0.0	1033.0	0.0	66.24229979466119	0.0	1	6.869157543475632	6.403121913282448
TCGA-EM-A1CW-01A	TCGA-EM-A1CW-01	DM2	RAS_like	FVPTC	wildtype	0	0.0	549.0	0.0	549.0	0.0	549.0	0.0	549.0	0.0	39.04996577686516	0.0	0	9.13171531709068	8.150461100157669
TCGA-DJ-A3VM-01A	TCGA-DJ-A3VM-01	DM2	RAS_like	FVPTC	mutated	1	0.0	840.0	0.0	840.0	0.0	840.0	0.0	840.0	0.0	68.1615331964408	0.0	0	7.970659110366198	7.483605258219381
TCGA-EM-A2CL-01A	TCGA-EM-A2CL-01	DM2	RAS_like	FVPTC	wildtype	0	0.0	401.0	0.0	401.0	0.0	401.0	0.0	401.0	0.0	31.89322381930185	0.0	1	9.257387233268572	8.253724103725892
TCGA-ET-A40T-01A	TCGA-ET-A40T-01	DM1	BRAF_like	cPTC	wildtype	0	0.0	1140.0	0.0	1140.0			0.0	1140.0	0.0	26.094455852156056	0.0	0	7.370665351567581	6.630423919091134
TCGA-ET-A25K-01A	TCGA-ET-A25K-01	not_DM	BRAF_like	cPTC	wildtype	0	0.0	2142.0	0.0	2142.0	0.0	2142.0	0.0	2142.0	0.0	36.55304585900068	0.0	0	7.354085149846677	6.523926051055079
TCGA-FE-A236-01A	TCGA-FE-A236-01	not_DM	BRAF_like	cPTC	wildtype	0	0.0	2031.0	0.0	2031.0	0.0	2031.0	0.0	2031.0	0.0	33.80698151950719	0.0	1	6.747141120962173	6.143134139329754
TCGA-EL-A3ZQ-01A	TCGA-EL-A3ZQ-01	not_DM	BRAF_like	cPTC	wildtype	0	0.0	1862.0	0.0	1862.0	0.0	1862.0	0.0	1862.0	0.0	78.80355920602327	0.0	0	6.037567783062948	5.284775545287145
TCGA-EL-A3CP-01A	TCGA-EL-A3CP-01	not_DM	BRAF_like	FVPTC	wildtype	0	0.0	4831.0	0.0	4831.0			0.0	4831.0	0.0	50.09719370294319		0	6.52916160748549	6.092184854787203
TCGA-DJ-A1QM-01A	TCGA-DJ-A1QM-01	not_DM	BRAF_like	FVPTC	wildtype	0	0.0	183.0	0.0	183.0	0.0	183.0	0.0	183.0	0.0	42.21218343600274	0.0	1	10.334616232946308	8.670094255428285
TCGA-DJ-A3UQ-01A	TCGA-DJ-A3UQ-01	not_DM	BRAF_like	cPTC	wildtype	0	0.0	595.0	0.0	595.0	0.0	595.0	0.0	595.0	0.0	45.29774127310061	1.0	0	7.418083066100618	6.522346816157912
TCGA-BJ-A0ZF-01A	TCGA-BJ-A0ZF-01	DM2	unknown	unknown	wildtype	0	0.0	1217.0	1.0	735.0	1.0	735.0	0.0	1217.0	1.0	56.709103353867214		0	8.823588652009446	7.956606869343318
TCGA-EM-A3O7-01A	TCGA-EM-A3O7-01	not_DM	BRAF_like	cPTC	wildtype	0	0.0	223.0	0.0	223.0	0.0	223.0	0.0	223.0	0.0	46.11088295687885	1.0	0	6.613681397130554	6.313687745652576
TCGA-IM-A3EB-01A	TCGA-IM-A3EB-01	not_DM	BRAF_like	cPTC	wildtype	0	0.0	1488.0	0.0	1488.0	0.0	1488.0	0.0	1488.0	0.0	32.3668720054757	0.0	0	7.221548619334067	6.331190411673616
TCGA-EL-A3ZO-01A	TCGA-EL-A3ZO-01	not_DM	BRAF_like	cPTC	wildtype	0	0.0	2211.0	0.0	2211.0	0.0	2211.0	0.0	2211.0	0.0	79.1895961670089	1.0	0	6.335315250609624	5.412488912028408
TCGA-EL-A3H5-01A	TCGA-EL-A3H5-01	not_DM	BRAF_like	cPTC	mutated	1	0.0	2542.0	0.0	2542.0			0.0	2542.0	0.0	57.29226557152635	1.0	0	5.399641209395499	4.851590454399604
TCGA-EM-A3AK-01A	TCGA-EM-A3AK-01	not_DM	BRAF_like	cPTC	wildtype	0	0.0	477.0	0.0	477.0	0.0	477.0	0.0	477.0	0.0	62.72689938398357	0.0	0	7.494478366441889	6.897159273336327
TCGA-ET-A25L-01A	TCGA-ET-A25L-01	DM1	BRAF_like	cPTC	wildtype	0	0.0	1721.0	0.0	1721.0			0.0	1721.0	0.0	52.45448323066393	1.0	0	6.5152512373760345	5.843900717643843
TCGA-FY-A3ON-01A	TCGA-FY-A3ON-01	not_DM	BRAF_like	cPTC	wildtype	0	0.0	595.0	0.0	595.0	0.0	595.0	0.0	595.0	0.0	20.268309377138944	0.0	1	7.945744684314814	6.860075965312966
TCGA-DE-A4MB-01A	TCGA-DE-A4MB-01	not_DM	BRAF_like	cPTC	wildtype	0	0.0	352.0	0.0	352.0			0.0	352.0	0.0	79.42778918548939	1.0	0	6.856224189029338	6.390357271371195
TCGA-EL-A3CT-01A	TCGA-EL-A3CT-01	not_DM	BRAF_like	cPTC	wildtype	0	1.0	1854.0	0.0	1854.0				1854.0	0.0	78.2943189596167	1.0	0	6.610102769015958	5.852679042955564
TCGA-ET-A2MZ-01A	TCGA-ET-A2MZ-01	not_DM	BRAF_like	cPTC	wildtype	0	0.0	1133.0	0.0	1133.0			0.0	1133.0	0.0	39.44695414099932	0.0	1	7.4471800008663855	6.67649176228255
TCGA-EM-A4FU-01A	TCGA-EM-A4FU-01	not_DM	RAS_like	FVPTC	wildtype	0	0.0	1840.0	1.0	781.0	1.0	781.0	0.0	1840.0	1.0	35.351129363449694	0.0	1	8.650061670826746	7.686044944833455
TCGA-EM-A1CU-01A	TCGA-EM-A1CU-01	not_DM	BRAF_like	cPTC	wildtype	0	0.0	636.0	0.0	636.0			0.0	636.0	0.0	31.4031485284052	0.0	1	7.20791828411981	6.354622775918583
TCGA-FY-A3TY-01A	TCGA-FY-A3TY-01	not_DM	BRAF_like	cPTC	wildtype	0	0.0	709.0	0.0	709.0	0.0	709.0	0.0	709.0	0.0	61.75496235455168	1.0	0	7.879642460957759	7.132697477843825
TCGA-EM-A3FN-01A	TCGA-EM-A3FN-01	DM2	RAS_like	FVPTC	wildtype	0	0.0	367.0	0.0	367.0	0.0	367.0	0.0	367.0	0.0	42.861054072553046	0.0	0	9.511010871294806	8.172836834369685
TCGA-E3-A3DZ-01A	TCGA-E3-A3DZ-01	not_DM	RAS_like	FVPTC	wildtype	0	0.0	1436.0	0.0	1436.0	0.0	1436.0	0.0	1436.0		55.44421629021218	1.0	0	9.701831497444047	8.489417814307636
TCGA-EM-A1YA-01A	TCGA-EM-A1YA-01	DM2	RAS_like	FVPTC	wildtype	0	0.0	602.0	0.0	602.0	0.0	602.0	0.0	602.0	0.0	74.53524982888433	0.0	0	8.542832664795412	7.734123716218462
TCGA-EL-A4KH-01A	TCGA-EL-A4KH-01	not_DM	BRAF_like	cPTC	wildtype	0	0.0	823.0	0.0	823.0	0.0	823.0	0.0	823.0	0.0	36.34496919917864	0.0	0	7.678309547364249	6.478371578546522
TCGA-E3-A3E0-01A	TCGA-E3-A3E0-01	DM1	BRAF_like	cPTC	wildtype	0	0.0	2019.0	0.0	2019.0	0.0	2019.0	0.0	2019.0	0.0	34.620123203285424	0.0	0	8.269330681178369	7.394282380133204
TCGA-FE-A232-01A	TCGA-FE-A232-01	not_DM	BRAF_like	cPTC	wildtype	0	0.0	2424.0	0.0	2424.0	0.0	2424.0	0.0	2424.0	0.0	44.57221081451061	0.0	0	8.897219853423001	7.5012437487823185
TCGA-BJ-A0ZC-01A	TCGA-BJ-A0ZC-01	DM2	BRAF_like	cPTC	wildtype	0	0.0	352.0	0.0	352.0	0.0	352.0	0.0	352.0	0.0	55.52908966461328	0.0	1	9.772683635651994	8.583967855201168
TCGA-EM-A2CU-01A	TCGA-EM-A2CU-01	DM1	RAS_like	FVPTC	wildtype	0	0.0	400.0	0.0	400.0	0.0	400.0	0.0	400.0	0.0	47.175906913073234	1.0	0	8.174070163564808	7.436654347848886
TCGA-DJ-A2PV-01A	TCGA-DJ-A2PV-01	not_DM	BRAF_like	cPTC	wildtype	0	0.0	973.0	0.0	973.0	0.0	973.0	0.0	973.0	0.0	53.51676933607119	0.0	0	7.808809162575912	6.987290843795697
TCGA-DJ-A3V3-01A	TCGA-DJ-A3V3-01	DM1	BRAF_like	cPTC	wildtype	0	0.0	931.0	0.0	931.0	0.0	931.0	0.0	931.0	0.0	57.48665297741273	0.0	0	7.534619463966916	6.981696745453834
TCGA-BJ-A45K-01A	TCGA-BJ-A45K-01	DM2	RAS_like	FVPTC	wildtype	0	0.0	705.0	0.0	705.0			0.0	705.0	0.0	33.23203285420944	0.0	1	9.151653871935917	8.196262635823114
TCGA-EM-A3OB-01A	TCGA-EM-A3OB-01	not_DM	RAS_like	FVPTC	wildtype	0	0.0	1176.0	0.0	1176.0	0.0	1176.0	0.0	1176.0	0.0	33.62628336755647	0.0	0	8.468699395019739	7.832704100836253
TCGA-FY-A3R6-01A	TCGA-FY-A3R6-01	DM1	BRAF_like	cPTC	wildtype	0	0.0	423.0	0.0	423.0			0.0	423.0	0.0	57.51950718685831	1.0	0	8.11732917912575	7.25569335205209
TCGA-E8-A2EA-01A	TCGA-E8-A2EA-01	not_DM	BRAF_like	cPTC	wildtype	0	0.0	1085.0	0.0	1085.0	0.0	1085.0	0.0	1085.0	0.0	52.45448323066393	0.0	0	7.14007012157002	6.160804819205048
TCGA-DJ-A3V7-01A	TCGA-DJ-A3V7-01	not_DM	BRAF_like	cPTC	wildtype	0	0.0	706.0	0.0	706.0	0.0	706.0	0.0	706.0	0.0	44.50924024640657	1.0	0	6.300155985900001	6.0471462741697
TCGA-IM-A41Z-01A	TCGA-IM-A41Z-01	DM2	RAS_like	FVPTC	wildtype	0	0.0	946.0	0.0	946.0	0.0	946.0	0.0	946.0	0.0	37.51950718685831	0.0	0	8.177342600762774	7.524202608150422
TCGA-EL-A3CX-01A	TCGA-EL-A3CX-01	DM1	BRAF_like	cPTC	wildtype	0	0.0	3243.0	0.0	3243.0	0.0	3243.0	0.0	3243.0	0.0	22.84462696783025	0.0	0	3.713022289346987	3.4741279184949847
TCGA-EM-A2OX-01A	TCGA-EM-A2OX-01	not_DM	BRAF_like	cPTC	wildtype	0	0.0	600.0	0.0	600.0			0.0	600.0	0.0	46.299794661190965	1.0	1	7.245910563100154	6.521326290303619
TCGA-DJ-A3UT-01A	TCGA-DJ-A3UT-01	not_DM	RAS_like	FVPTC	wildtype	0	0.0	1105.0	0.0	1105.0	0.0	1105.0	0.0	1105.0	0.0	43.16769336071184	0.0	0	9.750025806203384	8.383986822932368
TCGA-J8-A3YH-01A	TCGA-J8-A3YH-01	not_DM	BRAF_like	cPTC	wildtype	0	0.0	175.0	0.0	175.0	0.0	175.0	0.0	175.0	0.0	39.61670088980151	0.0	1	6.940442986986433	6.257316290941339
TCGA-FY-A3NN-01A	TCGA-FY-A3NN-01	not_DM	BRAF_like	cPTC	wildtype	0	0.0	0.0	0.0	0.0	0.0	0.0	0.0	0.0			1.0	0	7.070525312489271	6.651688374153501
TCGA-EM-A1YB-01A	TCGA-EM-A1YB-01	DM2	RAS_like	FVPTC	wildtype	0	0.0	592.0	0.0	592.0	0.0	592.0	0.0	592.0	0.0	73.51676933607118	0.0	0	7.714585642171316	6.749700127718997
TCGA-DJ-A4V4-01A	TCGA-DJ-A4V4-01	not_DM	BRAF_like	cPTC	wildtype	0	0.0	481.0	0.0	481.0	0.0	481.0	0.0	481.0	0.0	48.94729637234771	0.0	0	7.780142426883877	6.960743991709159
TCGA-ET-A3DV-01A	TCGA-ET-A3DV-01	DM2	RAS_like	FVPTC	wildtype	0	0.0	5068.0	0.0	5068.0	0.0	5068.0	0.0	5068.0	0.0	68.18617385352498	0.0	0	9.23300731754149	8.274160496414298
TCGA-EM-A4FF-01A	TCGA-EM-A4FF-01	not_DM	BRAF_like	cPTC	wildtype	0	0.0	2573.0	1.0	1785.0			0.0	2573.0	1.0	45.39630390143737		0	6.604909686423529	6.127918859202288
TCGA-DJ-A13M-01A	TCGA-DJ-A13M-01	not_DM	RAS_like	FVPTC	wildtype	0	0.0	1484.0	0.0	1484.0	0.0	1484.0	0.0	1484.0	0.0	28.829568788501028	0.0	0	9.211437727945173	8.034793853588987
TCGA-EL-A3D1-01A	TCGA-EL-A3D1-01	not_DM	BRAF_like	cPTC	wildtype	0	0.0	2997.0	0.0	2997.0	0.0	2997.0	0.0	2997.0	0.0	39.00068446269678	0.0	1	7.79782501045607	6.54633535513749
TCGA-BJ-A28V-01A	TCGA-BJ-A28V-01	DM2	BRAF_like	cPTC	wildtype	0	0.0	987.0	0.0	987.0			0.0	987.0	0.0	80.78850102669405	1.0	0	9.618704687357257	8.717643453160736
TCGA-BJ-A3EZ-01A	TCGA-BJ-A3EZ-01	not_DM	BRAF_like	cPTC	mutated	1	0.0	487.0	0.0	487.0			0.0	487.0	0.0	51.696098562628336	1.0	1	6.854230999458414	6.189614600850088
TCGA-H2-A3RI-01A	TCGA-H2-A3RI-01	not_DM	BRAF_like	cPTC	wildtype	0	0.0	335.0	1.0	279.0			0.0	335.0	1.0	30.75975359342916		0	6.789159902765645	6.38419655770358
TCGA-EM-A3FP-01A	TCGA-EM-A3FP-01	DM2	RAS_like	FVPTC	wildtype	0	0.0	529.0	0.0	529.0	0.0	529.0	0.0	529.0	0.0	71.6167008898015	0.0	0	9.472600792148738	8.467871573278439
TCGA-ET-A3DU-01A	TCGA-ET-A3DU-01	not_DM	BRAF_like	cPTC	wildtype	0	0.0	1911.0	0.0	1911.0			0.0	1911.0	0.0	21.544147843942504	0.0	0	6.329700470405745	5.464345746942398
TCGA-EM-A22N-01A	TCGA-EM-A22N-01	DM2	RAS_like	FVPTC	wildtype	0	0.0	324.0	0.0	324.0			0.0	324.0	0.0	68.54209445585215	0.0	0	9.558454576075995	8.307443422530822
TCGA-DE-A0Y3-01B	TCGA-DE-A0Y3-01	not_DM	BRAF_like	cPTC	wildtype	0	0.0	1526.0	1.0	30.0			0.0	1526.0	1.0	60.969199178644764		0	6.190314877711732	5.974427601223825
TCGA-FY-A3BL-01A	TCGA-FY-A3BL-01	not_DM	BRAF_like	cPTC	wildtype	0	0.0	621.0	0.0	621.0	0.0	621.0	0.0	621.0	0.0	29.204654346338124	0.0	1	7.070666926868626	6.563179241036221
TCGA-QD-A8IV-01A	TCGA-QD-A8IV-01	not_DM	RAS_like	cPTC	wildtype	0	0.0	392.0	0.0	392.0			0.0	392.0	0.0	50.06981519507187	1.0	0	9.579182976638531	8.462096412967526
TCGA-FY-A3R8-01A	TCGA-FY-A3R8-01	not_DM	BRAF_like	cPTC	wildtype	0	0.0	477.0	0.0	477.0	0.0	477.0	0.0	477.0	0.0	62.48870636550308	1.0	0	6.386139357718268	5.840381907912182
TCGA-EM-A22J-01A	TCGA-EM-A22J-01	not_DM	RAS_like	FVPTC	wildtype	0	0.0	441.0	0.0	441.0			0.0	441.0	0.0	56.23271731690623	0.0	0	8.354354597094062	7.816871546039202
TCGA-FE-A235-01A	TCGA-FE-A235-01	not_DM	BRAF_like	cPTC	wildtype	0	0.0	3571.0	0.0	3571.0	0.0	3571.0	0.0	3571.0	0.0	26.99247091033539	0.0	0	7.742082493698333	6.363498931483005
TCGA-ET-A3BS-01A	TCGA-ET-A3BS-01	not_DM	BRAF_like	cPTC	wildtype	0	0.0	176.0	0.0	176.0	0.0	176.0	0.0	176.0	0.0	42.220396988364136	0.0	1	6.423537071792602	5.778955967583816
TCGA-J8-A3YE-01A	TCGA-J8-A3YE-01	not_DM	BRAF_like	cPTC	wildtype	0	0.0	847.0	0.0	847.0	0.0	847.0	0.0	847.0	0.0	31.33744010951403	0.0	0	6.6434581504312185	5.990292730377706
TCGA-EM-A2CT-01A	TCGA-EM-A2CT-01	not_DM	RAS_like	FVPTC	wildtype	0	0.0	1474.0	0.0	1474.0	0.0	1474.0	0.0	1474.0	0.0	20.692676249144423	0.0	0	8.640440315579196	7.673320668900001
TCGA-DJ-A3VL-01A	TCGA-DJ-A3VL-01	DM1	RAS_like	FVPTC	wildtype	0	0.0	713.0	1.0	411.0	0.0	713.0	0.0	713.0	1.0	38.92950034223135	0.0	1	8.896579959348424	7.973818003535958
TCGA-EM-A3FJ-01A	TCGA-EM-A3FJ-01	not_DM	BRAF_like	cPTC	wildtype	0	0.0	850.0	0.0	850.0	0.0	850.0	0.0	850.0	0.0	24.75564681724846	0.0	0	8.138813200062186	7.163739720382314
TCGA-DJ-A1QG-01A	TCGA-DJ-A1QG-01	not_DM	RAS_like	FVPTC	wildtype	0	0.0	1368.0	0.0	1368.0	0.0	1368.0	0.0	1368.0	0.0	62.5845311430527	0.0	1	7.666584351667005	7.123039567047342
TCGA-EM-A4G1-01A	TCGA-EM-A4G1-01	not_DM	RAS_like	FVPTC	wildtype	0	0.0	416.0	0.0	416.0	0.0	416.0	0.0	416.0	0.0	26.951403148528406	0.0	0	7.907834765451145	7.232353511068881
TCGA-BJ-A4O9-01A	TCGA-BJ-A4O9-01	not_DM	BRAF_like	FVPTC	wildtype	0	0.0	714.0	0.0	714.0			0.0	714.0	0.0	51.84941820670773	0.0	0	6.704788883813595	6.2193090103619575
TCGA-DE-A4MD-01A	TCGA-DE-A4MD-01	not_DM	BRAF_like	cPTC	wildtype	0	0.0	764.0	1.0	267.0			0.0	764.0	1.0	71.67419575633129	1.0	1	6.153062984683954	5.436981455153317
TCGA-DE-A4MD-06A	TCGA-DE-A4MD-06	not_DM	BRAF_like	cPTC	wildtype	0	0.0	764.0	1.0	267.0			0.0	764.0	1.0		1.0	0	6.980829619095891	5.702466279703156
TCGA-EM-A3FL-01A	TCGA-EM-A3FL-01	DM2	RAS_like	FVPTC	wildtype	0	0.0	1441.0	0.0	1441.0	0.0	1441.0	0.0	1441.0	0.0	63.4715947980835	0.0	0	9.774846475742718	8.450208423478337
TCGA-FY-A3I4-01A	TCGA-FY-A3I4-01	not_DM	BRAF_like	cPTC	wildtype	0	0.0	542.0	0.0	542.0	0.0	542.0	0.0	542.0	0.0	34.70773442847365	0.0	0	9.035170658814105	7.7173531194966785
TCGA-DJ-A3UM-01A	TCGA-DJ-A3UM-01	not_DM	BRAF_like	cPTC	wildtype	0	0.0	944.0	0.0	944.0	0.0	944.0	0.0	944.0	0.0	45.37440109514032	0.0	0	7.0346655751036185	6.503382355460743
TCGA-EM-A2OY-01A	TCGA-EM-A2OY-01	DM2	RAS_like	FVPTC	wildtype	0	0.0	983.0	0.0	983.0	0.0	983.0	0.0	983.0	0.0	46.74880219028063	0.0	0	9.089360130567789	7.828210011254352
TCGA-DJ-A3UK-01A	TCGA-DJ-A3UK-01	not_DM	BRAF_like	cPTC	wildtype	0	0.0	1123.0	0.0	1123.0	0.0	1123.0	0.0	1123.0	0.0	35.98904859685147	0.0	0	7.105762699543382	6.587860597294879
TCGA-EM-A3AJ-01A	TCGA-EM-A3AJ-01	DM1	RAS_like	FVPTC	wildtype	0	0.0	941.0	0.0	941.0			0.0	941.0	0.0	39.422313483915126	0.0	1	8.731270289760156	7.672633950383605
TCGA-FY-A3R9-01A	TCGA-FY-A3R9-01	not_DM	RAS_like	FVPTC	wildtype	0	0.0	504.0	0.0	504.0	0.0	504.0	0.0	504.0	0.0	66.29705681040383	0.0	0	9.35789193324919	8.16717675282992
TCGA-L6-A4EQ-01A	TCGA-L6-A4EQ-01	not_DM	BRAF_like	cPTC	wildtype	0	0.0	1228.0	0.0	1228.0	0.0	1228.0	0.0	1228.0	0.0	47.50444900752909	1.0	1	7.127486752556052	6.476699371229479
TCGA-DJ-A3UO-01A	TCGA-DJ-A3UO-01	not_DM	BRAF_like	cPTC	wildtype	0	0.0	957.0	1.0	641.0			0.0	957.0	1.0	63.7700205338809	1.0	1	7.369595761257641	6.580242527491295
TCGA-DJ-A1QD-01A	TCGA-DJ-A1QD-01	not_DM	BRAF_like	cPTC	wildtype	0	0.0	1462.0	0.0	1462.0	0.0	1462.0	0.0	1462.0	0.0	20.424366872005475	0.0	0	6.578153552332529	6.079642707783741
TCGA-DJ-A4V2-01A	TCGA-DJ-A4V2-01	not_DM	BRAF_like	cPTC	wildtype	0	0.0	95.0	0.0	95.0	0.0	95.0	0.0	95.0	0.0	38.67488021902806	0.0	0	6.841906808412985	6.364509464248428
TCGA-EL-A4K7-01A	TCGA-EL-A4K7-01	not_DM	BRAF_like	cPTC	wildtype	0	0.0	1251.0	0.0	1251.0	0.0	1251.0	0.0	1251.0	0.0	74.75975359342915	1.0	1	6.84309973635293	6.003041318806005
TCGA-MK-A4N6-01A	TCGA-MK-A4N6-01	not_DM	BRAF_like	cPTC	wildtype	0	0.0	1098.0	0.0	1098.0	0.0	1098.0	0.0	1098.0	0.0	35.32922655715264	0.0	1	6.725937652158766	5.712626466120589
TCGA-EL-A3GP-01A	TCGA-EL-A3GP-01	not_DM	BRAF_like	cPTC	mutated	1	0.0	1506.0	0.0	1506.0	0.0	1506.0	0.0	1506.0	0.0	70.35181382614647	1.0	1	6.7541937266859735	5.76041079893883
TCGA-EL-A3GU-01A	TCGA-EL-A3GU-01	not_DM	BRAF_like	cPTC	mutated	1	0.0	4137.0	1.0	544.0	1.0	544.0	0.0	4137.0	0.0	72.91444216290212	1.0	0	6.474783487134948	6.157988294644871
TCGA-FE-A238-01A	TCGA-FE-A238-01	DM1	BRAF_like	cPTC	wildtype	0	0.0	1215.0	1.0	431.0	1.0	431.0	0.0	1215.0	1.0	36.02737850787132	0.0	0	7.396540740723165	6.445892390487916
TCGA-CE-A3ME-01A	TCGA-CE-A3ME-01	not_DM	BRAF_like	cPTC	wildtype	0	0.0	379.0	0.0	379.0	0.0	379.0	0.0	379.0	0.0	51.23613963039014	0.0	0	6.3199630664349495	5.8281695440228365
TCGA-EM-A4FO-01A	TCGA-EM-A4FO-01	not_DM	BRAF_like	cPTC	wildtype	0	0.0	802.0	0.0	802.0	0.0	802.0	0.0	802.0	0.0	72.79671457905545	0.0	1	8.54838255632844	7.518931842510367
TCGA-IM-A420-01A	TCGA-IM-A420-01	not_DM	BRAF_like	cPTC	wildtype	0	0.0	250.0	0.0	250.0	0.0	250.0	0.0	250.0	0.0	39.23887748117728	0.0	0	6.818122487967899	5.985507592123118
TCGA-DJ-A2Q1-01A	TCGA-DJ-A2Q1-01	DM1	BRAF_like	cPTC	wildtype	0	0.0	1148.0	0.0	1148.0	0.0	1148.0	0.0	1148.0	0.0	44.82135523613963	0.0	0	5.317078621545768	4.485576795129714
TCGA-FK-A3SH-01A	TCGA-FK-A3SH-01	not_DM	BRAF_like	cPTC	wildtype	0	0.0	1463.0	0.0	1463.0	0.0	1463.0	0.0	1463.0	0.0	50.94866529774127	1.0	0	7.117582570968349	5.943281780013191
TCGA-EM-A1YE-01A	TCGA-EM-A1YE-01	DM2	RAS_like	FVPTC	wildtype	0	0.0	1645.0	0.0	1645.0	0.0	1645.0	0.0	1645.0	0.0	47.35660506502396	0.0	0	9.83022631216876	8.72892121867256
TCGA-KS-A4I5-01A	TCGA-KS-A4I5-01	not_DM	BRAF_like	cPTC	wildtype	0	0.0	567.0	0.0	567.0			0.0	567.0	0.0	49.18001368925393	1.0	0	7.201599023106957	6.195548898958621
TCGA-EL-A3GV-01A	TCGA-EL-A3GV-01	not_DM	BRAF_like	cPTC	wildtype	0	0.0	1532.0	0.0	1532.0	0.0	1532.0	0.0	1532.0	0.0	65.12525667351129	1.0	0	7.503116322184628	6.802504141996232
TCGA-FE-A233-01A	TCGA-FE-A233-01	not_DM	BRAF_like	cPTC	wildtype	0	0.0	751.0	1.0	567.0	1.0	567.0	0.0	751.0	1.0	18.535249828884325	0.0	0	6.953226061074426	6.432686444026373
TCGA-EL-A3MX-01A	TCGA-EL-A3MX-01	not_DM	BRAF_like	cPTC	mutated	1	1.0	1753.0	1.0	1708.0			1.0	1753.0	1.0			0	6.721940922843947	5.525021500950975
TCGA-BJ-A45D-01A	TCGA-BJ-A45D-01	not_DM	RAS_like	FVPTC	wildtype	0	0.0	331.0	0.0	331.0			0.0	331.0	0.0	36.50924024640657	0.0	1	9.0093399126762	7.675933035583851
TCGA-MK-A4N7-01A	TCGA-MK-A4N7-01	not_DM	BRAF_like	cPTC	mutated	1	0.0	987.0	0.0	987.0	0.0	987.0	0.0	987.0	0.0	20.725530458590008	0.0	0	6.29507754144844	5.546017341417853
TCGA-ET-A25N-01A	TCGA-ET-A25N-01	DM1	BRAF_like	cPTC	wildtype	0	0.0	1928.0	0.0	1928.0	0.0	1928.0	0.0	1928.0	0.0	28.005475701574262	0.0	0	7.68527426476423	6.846839862088456
TCGA-DJ-A2PQ-01A	TCGA-DJ-A2PQ-01	not_DM	BRAF_like	cPTC	wildtype	0	0.0	1077.0	0.0	1077.0	0.0	1077.0	0.0	1077.0	0.0	26.458590006844627	0.0	1	6.958210271423867	6.399209699095591
TCGA-E8-A438-01A	TCGA-E8-A438-01	DM1	BRAF_like	cPTC	wildtype	0	0.0	1019.0	0.0	1019.0	0.0	1019.0	0.0	1019.0	0.0	23.96167008898015	0.0	0	6.988212502443887	6.713633655382466
TCGA-EM-A22I-01A	TCGA-EM-A22I-01	not_DM	BRAF_like	cPTC	wildtype	0	0.0	448.0	0.0	448.0			0.0	448.0	0.0	52.02737850787132	1.0	0	6.0090820184244365	5.640549900023521
TCGA-DJ-A1QO-01A	TCGA-DJ-A1QO-01	not_DM	BRAF_like	cPTC	mutated	1	0.0	1442.0	1.0	1062.0	0.0	1442.0	0.0	1442.0	1.0	69.08145106091717	1.0	1	7.522322711625801	6.72305185967932
TCGA-E8-A3X7-01A	TCGA-E8-A3X7-01	not_DM	BRAF_like	cPTC	wildtype	0	0.0	951.0	0.0	951.0			0.0	951.0	0.0	57.44832306639288	1.0	0	6.637771044768848	6.1344212412623165
TCGA-E3-A3E2-01A	TCGA-E3-A3E2-01	not_DM	BRAF_like	FVPTC	wildtype	0	0.0	1922.0	0.0	1922.0	0.0	1922.0	0.0	1922.0	0.0	34.809034907597535	0.0	0	7.41411155906165	6.546726020180587
TCGA-E8-A434-01A	TCGA-E8-A434-01	not_DM	BRAF_like	cPTC	wildtype	0	0.0	953.0	0.0	953.0	0.0	953.0	0.0	953.0	0.0	56.10403832991102	0.0	0	9.042705312541228	7.92747820881043
TCGA-EL-A3MZ-01A	TCGA-EL-A3MZ-01	not_DM	BRAF_like	cPTC	mutated	1	1.0	1597.0	0.0	1597.0			0.0	1597.0	0.0	66.27789185489391	1.0	1	6.384371159143659	5.614866238566539
TCGA-ET-A3DQ-01A	TCGA-ET-A3DQ-01	DM1	RAS_like	FVPTC	wildtype	0	0.0	2581.0	0.0	2581.0	0.0	2581.0	0.0	2581.0	0.0	43.45242984257358	0.0	0	7.97987569132944	7.444149446485474
TCGA-J8-A3O1-01A	TCGA-J8-A3O1-01	DM1	BRAF_like	cPTC	mutated	1	0.0	827.0	0.0	827.0	0.0	827.0	0.0	827.0	0.0	33.163586584531146	0.0	0	5.59439922835984	5.268245032303862
TCGA-BJ-A0Z2-01A	TCGA-BJ-A0Z2-01	not_DM	RAS_like	unknown	mutated	1	0.0	1514.0	1.0	158.0			0.0	1514.0	0.0	57.51676933607119	1.0	1	9.110138175804073	8.10613943454424
TCGA-DJ-A2PN-01A	TCGA-DJ-A2PN-01	not_DM	BRAF_like	cPTC	wildtype	0	0.0	307.0	0.0	307.0	0.0	307.0	0.0	307.0	0.0	70.33538672142369	0.0	0	7.700611208007216	6.93680325148753
TCGA-EL-A3CV-01A	TCGA-EL-A3CV-01	not_DM	BRAF_like	cPTC	wildtype	0	0.0	1154.0	0.0	1154.0			0.0	1154.0	0.0	40.47912388774812	0.0	1	6.424188650105141	5.77200657497812
TCGA-FE-A239-01A	TCGA-FE-A239-01	DM2	BRAF_like	cPTC	wildtype	0	1.0	1023.0	1.0	933.0	1.0	933.0	1.0	1023.0	1.0	82.84462696783025	1.0	1	10.24759547164534	8.50506064878613
TCGA-DE-A4M8-01A	TCGA-DE-A4M8-01	DM1	BRAF_like	cPTC	wildtype	0	0.0	564.0	0.0	564.0	0.0	564.0	0.0	564.0	0.0	61.21013004791239	1.0	0	7.763456359149639	6.942318793586646
TCGA-BJ-A28W-01A	TCGA-BJ-A28W-01	DM1	BRAF_like	cPTC	wildtype	0	0.0	344.0	0.0	344.0			0.0	344.0	0.0	32.851471594798085	0.0	0	8.595945197921456	6.982376623214952
TCGA-EM-A22L-01A	TCGA-EM-A22L-01	not_DM	RAS_like	FVPTC	wildtype	0	0.0	318.0	0.0	318.0	0.0	318.0	0.0	318.0	0.0	33.106091718001366	0.0	0	9.884059263480896	8.702335601224569
TCGA-BJ-A28T-01A	TCGA-BJ-A28T-01	DM1	BRAF_like	cPTC	wildtype	0	0.0	1081.0	0.0	1081.0			0.0	1081.0	0.0	34.76522929500342	0.0	0	9.77207149731225	8.225136836096361
TCGA-EM-A3FQ-06A	TCGA-EM-A3FQ-06	DM1	BRAF_like	cPTC	wildtype	0	0.0	492.0	0.0	492.0	0.0	492.0	0.0	492.0	0.0		0.0	0	8.266531811153296	7.348470830289518
TCGA-DJ-A4V0-01A	TCGA-DJ-A4V0-01	DM1	BRAF_like	cPTC	wildtype	0	0.0	1081.0	0.0	1081.0	0.0	1081.0	0.0	1081.0	0.0	36.05201916495551	0.0	0	9.55918833732052	8.361548684585696
TCGA-EL-A3H2-01A	TCGA-EL-A3H2-01	DM2	unknown	unknown	wildtype	0	1.0	1019.0	1.0	1019.0			1.0	1019.0	0.0			1	10.35532776424863	8.932242778711515
TCGA-DJ-A3UY-01A	TCGA-DJ-A3UY-01	not_DM	BRAF_like	cPTC	wildtype	0	0.0	1091.0	0.0	1091.0	0.0	1091.0	0.0	1091.0	0.0	32.865160848733744	0.0	0	8.372921671999437	7.497605108254577
TCGA-J8-A3O2-01A	TCGA-J8-A3O2-01	not_DM	BRAF_like	cPTC	wildtype	0	0.0	342.0	0.0	342.0			0.0	342.0	0.0	39.2580424366872	0.0	1	8.378677897763092	7.212711775619691
TCGA-EM-A2CO-01A	TCGA-EM-A2CO-01	DM2	RAS_like	FVPTC	wildtype	0	0.0	184.0	0.0	184.0	0.0	184.0	0.0	184.0	0.0	77.82067077344284	0.0	0	8.961315383244939	7.886681533907806
TCGA-FE-A3PB-01A	TCGA-FE-A3PB-01	not_DM	BRAF_like	cPTC	wildtype	0	0.0	2590.0	0.0	2590.0	0.0	2590.0	0.0	2590.0		33.22655715263518	0.0	0	5.936524241534281	5.41585043495077
TCGA-EL-A3ZM-01A	TCGA-EL-A3ZM-01	DM1	BRAF_like	cPTC	wildtype	0	0.0	1096.0	0.0	1096.0			0.0	1096.0	0.0	60.19712525667351	1.0	1	4.931554824365996	4.298761201940418
TCGA-BJ-A4O8-01A	TCGA-BJ-A4O8-01	not_DM	BRAF_like	cPTC	wildtype	0	0.0	591.0	0.0	591.0	0.0	591.0	0.0	591.0	0.0	47.72073921971253	1.0	1	6.468203967764671	5.77503400171273
TCGA-EM-A3AP-01A	TCGA-EM-A3AP-01	not_DM	RAS_like	FVPTC	wildtype	0	0.0	254.0	0.0	254.0	0.0	254.0	0.0	254.0		31.73716632443532	0.0	0	8.80991374490592	7.834042774420743
TCGA-FE-A3PA-01A	TCGA-FE-A3PA-01	DM1	RAS_like	FVPTC	wildtype	0	0.0	3235.0	0.0	3235.0			0.0	3235.0	0.0	16.61327857631759	0.0	1	7.374725825805831	6.850808386915151
TCGA-ET-A25P-01A	TCGA-ET-A25P-01	DM1	BRAF_like	cPTC	wildtype	0	0.0	559.0	0.0	559.0	0.0	559.0	0.0	559.0	0.0	24.057494866529773	0.0	0	9.16012744421737	8.048216444652049
TCGA-EL-A3ZH-01A	TCGA-EL-A3ZH-01	not_DM	RAS_like	cPTC	wildtype	0	0.0	2773.0	0.0	2773.0	0.0	2773.0	0.0	2773.0	0.0	42.94318959616701	0.0	0	10.13361103461936	8.721715466180624
TCGA-DJ-A2PU-01A	TCGA-DJ-A2PU-01	not_DM	BRAF_like	cPTC	wildtype	0	0.0	1033.0	0.0	1033.0	0.0	1033.0	0.0	1033.0	0.0	52.01368925393566	0.0	0	7.132699642296894	6.549734140302932
TCGA-ET-A3DP-01A	TCGA-ET-A3DP-01	not_DM	BRAF_like	cPTC	wildtype	0	0.0	2877.0	0.0	2877.0	0.0	2877.0	0.0	2877.0	0.0	43.46611909650924	0.0	0	7.342530589776929	6.6631266371788165
TCGA-DJ-A2QC-01A	TCGA-DJ-A2QC-01	not_DM	BRAF_like	cPTC	mutated	1	0.0	1215.0	0.0	1215.0	0.0	1215.0	0.0	1215.0	0.0	70.33538672142369	0.0	0	6.887942971662816	6.323850272771231
TCGA-MK-A4N9-01A	TCGA-MK-A4N9-01	not_DM	BRAF_like	cPTC	wildtype	0	0.0	919.0	0.0	919.0	0.0	919.0	0.0	919.0	0.0	41.76591375770021	0.0	0	6.328572664897406	5.934249474625659
TCGA-EL-A3GS-01A	TCGA-EL-A3GS-01	not_DM	BRAF_like	cPTC	wildtype	0	0.0	1989.0	0.0	1989.0	0.0	1989.0	0.0	1989.0	0.0	37.07597535934291	0.0	0	6.748303277321471	6.381610294662812
TCGA-MK-A84Z-01A	TCGA-MK-A84Z-01	not_DM	RAS_like	unknown	wildtype	0	0.0	728.0	0.0	728.0			0.0	728.0	0.0			1	8.980703858932928	8.06475727241852
TCGA-EM-A3OA-01A	TCGA-EM-A3OA-01	not_DM	RAS_like	FVPTC	wildtype	0	0.0	822.0	0.0	822.0	0.0	822.0	0.0	822.0	0.0	55.53456536618754	0.0	0	9.108851651196694	8.061652839009605
TCGA-DJ-A3VA-01A	TCGA-DJ-A3VA-01	not_DM	BRAF_like	cPTC	wildtype	0	0.0	755.0	0.0	755.0	0.0	755.0	0.0	755.0	0.0	39.68514715947981	0.0	0	6.862171863928923	6.127678442521556
TCGA-BJ-A191-01A	TCGA-BJ-A191-01	DM2	BRAF_like	cPTC	wildtype	0	0.0	147.0	0.0	147.0	0.0	147.0	0.0	147.0	0.0	49.724845995893226	0.0	0	7.844796515112649	6.7252558086767324
TCGA-EL-A3ZG-01A	TCGA-EL-A3ZG-01	not_DM	BRAF_like	cPTC	wildtype	0	0.0	2724.0	0.0	2724.0	0.0	2724.0	0.0	2724.0	0.0	15.364818617385351	0.0	1	7.294692643027309	6.325821602222242
TCGA-EM-A3O9-01A	TCGA-EM-A3O9-01	DM2	RAS_like	FVPTC	wildtype	0	0.0	281.0	0.0	281.0	0.0	281.0	0.0	281.0	0.0	40.473648186173854	0.0	1	6.474902242489798	5.710763722673572
TCGA-EL-A3N2-01A	TCGA-EL-A3N2-01	not_DM	BRAF_like	cPTC	wildtype	0	0.0	902.0	0.0	902.0	0.0	902.0	0.0	902.0	0.0	24.61054072553046	0.0	0	6.48821231225972	6.023393023701699
TCGA-DJ-A3UV-01A	TCGA-DJ-A3UV-01	DM1	unknown	unknown	wildtype	0	0.0	1466.0	0.0	1466.0	0.0	1466.0	0.0	1466.0	0.0	12.80766598220397	0.0	0	9.39483231952736	8.24542123248037
TCGA-FE-A3PD-01A	TCGA-FE-A3PD-01	DM1	RAS_like	FVPTC	wildtype	0	0.0	2396.0	0.0	2396.0	0.0	2396.0	0.0	2396.0	0.0	17.4839151266256	0.0	0	7.279338743808463	7.121858232705467
TCGA-IM-A4EB-01A	TCGA-IM-A4EB-01	not_DM	BRAF_like	unknown	wildtype	0	0.0	780.0	0.0	780.0	0.0	780.0	0.0	780.0	0.0	37.3305954825462	0.0	1	6.722062680496399	5.902414676479659
TCGA-ET-A3BN-01A	TCGA-ET-A3BN-01	DM1	BRAF_like	cPTC	wildtype	0	0.0	859.0	0.0	859.0	0.0	859.0	0.0	859.0	0.0	33.18822724161533	0.0	0	7.706093126509616	6.845464472825609
TCGA-BJ-A45E-01A	TCGA-BJ-A45E-01	DM1	BRAF_like	cPTC	wildtype	0	0.0	639.0	0.0	639.0			0.0	639.0	0.0	46.85831622176591	0.0	0	6.579429107784756	5.924997331069758
TCGA-FY-A40L-01A	TCGA-FY-A40L-01	not_DM	BRAF_like	cPTC	wildtype	0	0.0	726.0	0.0	726.0			0.0	726.0	0.0	55.422313483915126	1.0	0	7.105259232857683	6.27251755825171
TCGA-E3-A3E5-01A	TCGA-E3-A3E5-01	not_DM	BRAF_like	cPTC	wildtype	0	0.0	1215.0	0.0	1215.0			0.0	1215.0	0.0	57.4757015742642	1.0	1	6.751680532029992	6.319510670197657
TCGA-EL-A3D5-01A	TCGA-EL-A3D5-01	DM2	unknown	unknown	wildtype	0	0.0	1737.0	0.0	1737.0			0.0	1737.0	0.0	28.62696783025325		0	8.54707264256406	7.721158770620384
TCGA-DJ-A3UW-01A	TCGA-DJ-A3UW-01	not_DM	BRAF_like	cPTC	mutated	1	0.0	1812.0	0.0	1812.0	0.0	1812.0	0.0	1812.0	0.0	50.614647501711154	0.0	0	6.972796824029285	6.258529932061199
TCGA-EL-A3D0-01A	TCGA-EL-A3D0-01	not_DM	BRAF_like	unknown	wildtype	0	0.0	4254.0	0.0	4254.0			0.0	4254.0	0.0			1	6.070100504835764	5.895057165422392
TCGA-EL-A4K6-01A	TCGA-EL-A4K6-01	not_DM	RAS_like	cPTC	mutated	1	0.0	1343.0	1.0	874.0			0.0	1343.0	1.0	77.45379876796714		1	8.466763582269973	7.179449967733266
TCGA-ET-A3BV-01A	TCGA-ET-A3BV-01	not_DM	BRAF_like	cPTC	wildtype	0	0.0	2294.0	1.0	1204.0	1.0	1204.0	0.0	2294.0	1.0	47.75085557837098	1.0	0	6.039372420724765	5.321986015445217
TCGA-H2-A3RH-01A	TCGA-H2-A3RH-01	not_DM	RAS_like	FVPTC	wildtype	0	0.0	379.0	0.0	379.0			0.0	379.0	0.0	41.2539356605065	0.0	0	8.476646450788003	7.539593097311956
TCGA-FY-A4B3-01A	TCGA-FY-A4B3-01	not_DM	BRAF_like	cPTC	wildtype	0	0.0	427.0	0.0	427.0			0.0	427.0	0.0	51.93429158110883	1.0	1	7.316334752259124	6.358014972248622
TCGA-EL-A3CW-01A	TCGA-EL-A3CW-01	DM1	BRAF_like	cPTC	wildtype	0	1.0	1734.0	0.0	1734.0	0.0	1734.0		1734.0	0.0	87.43052703627653	1.0	0	9.03737132181458	8.028659361967689
TCGA-FY-A3NP-01A	TCGA-FY-A3NP-01	not_DM	RAS_like	FVPTC	wildtype	0	0.0	491.0	0.0	491.0	0.0	491.0	0.0	491.0	0.0	69.71115674195757	0.0	1	9.507312135313184	8.645794991628785
TCGA-DJ-A2PP-01A	TCGA-DJ-A2PP-01	not_DM	RAS_like	FVPTC	wildtype	0	0.0	930.0	0.0	930.0	0.0	930.0	0.0	930.0	0.0	47.66598220396988	0.0	1	8.602512300534388	7.946885994171883
TCGA-EL-A4K0-01A	TCGA-EL-A4K0-01	not_DM	BRAF_like	cPTC	wildtype	0	0.0	944.0	0.0	944.0			0.0	944.0	0.0	54.87200547570158	0.0	0	7.058946483888581	6.4359030216260695
TCGA-DJ-A13T-01A	TCGA-DJ-A13T-01	not_DM	BRAF_like	cPTC	wildtype	0	0.0	1709.0	0.0	1709.0	0.0	1709.0	0.0	1709.0	0.0	37.42094455852156	0.0	0	7.145241463946999	6.438302012853005
TCGA-KS-A41J-01A	TCGA-KS-A41J-01	DM1	BRAF_like	cPTC	wildtype	0	0.0	477.0	0.0	477.0	0.0	477.0	0.0	477.0	0.0	28.503764544832308	0.0	0	7.046600251154812	6.242417786919729
TCGA-ET-A2N0-01A	TCGA-ET-A2N0-01	not_DM	BRAF_like	cPTC	wildtype	0	0.0	1600.0	0.0	1600.0	0.0	1600.0	0.0	1600.0	0.0	51.175906913073234	1.0	0	7.262602508669557	6.180864116278943
TCGA-H2-A2K9-01A	TCGA-H2-A2K9-01	not_DM	RAS_like	cPTC	wildtype	0	0.0	659.0	0.0	659.0			0.0	659.0	0.0	25.245722108145102	0.0	1	9.053724839851933	7.936913430088371
TCGA-EM-A1CT-01A	TCGA-EM-A1CT-01	not_DM	BRAF_like	cPTC	wildtype	0	0.0	553.0	0.0	553.0			0.0	553.0	0.0	76.50650239561944	1.0	1	7.049606356517538	6.597933395196352
TCGA-EL-A3CN-01A	TCGA-EL-A3CN-01	not_DM	BRAF_like	cPTC	wildtype	0	0.0	4731.0	0.0	4731.0			0.0	4731.0	0.0	47.79192334017796	0.0	0	6.181032493086742	5.681836404152442
TCGA-BJ-A0ZA-01A	TCGA-BJ-A0ZA-01	DM2	BRAF_like	cPTC	wildtype	0	0.0	574.0	0.0	574.0	0.0	574.0	0.0	574.0	0.0	67.15400410677618	0.0	0	9.866916673685202	8.516077922554858
TCGA-KS-A41L-01A	TCGA-KS-A41L-01	DM2	RAS_like	FVPTC	wildtype	0	0.0	3463.0	0.0	3463.0	0.0	3463.0	0.0	3463.0	0.0	39.53456536618754	0.0	0	9.895220678594177	8.483388734123888
TCGA-E8-A433-01A	TCGA-E8-A433-01	not_DM	BRAF_like	cPTC	wildtype	0	0.0	951.0	0.0	951.0	0.0	951.0	0.0	951.0	0.0	25.037645448323065	0.0	0	8.057610716446483	6.697586023050855
TCGA-E8-A242-01A	TCGA-E8-A242-01	not_DM	BRAF_like	cPTC	wildtype	0	0.0	950.0	0.0	950.0			0.0	950.0		56.049281314168375	1.0	0	6.068252595884247	5.429206787318621
TCGA-EL-A4JW-01A	TCGA-EL-A4JW-01	not_DM	BRAF_like	cPTC	wildtype	0	0.0	1056.0	0.0	1056.0	0.0	1056.0	0.0	1056.0	0.0	38.13278576317591	0.0	0	7.119897321320346	6.451434219844062
TCGA-KS-A4I9-01A	TCGA-KS-A4I9-01	not_DM	BRAF_like	cPTC	wildtype	0	0.0	2658.0	0.0	2658.0	0.0	2658.0	0.0	2658.0	0.0	46.43668720054757	0.0	0	6.365958791629539	6.128018763730092
TCGA-BJ-A28R-01A	TCGA-BJ-A28R-01	not_DM	BRAF_like	cPTC	wildtype	0	0.0	1282.0	0.0	1282.0			0.0	1282.0	0.0	38.450376454483234	0.0	0	7.223546873715771	6.464544212616192
TCGA-BJ-A28S-01A	TCGA-BJ-A28S-01	DM2	BRAF_like	cPTC	wildtype	0	0.0	640.0	0.0	640.0			0.0	640.0	0.0	79.78918548939083	0.0	1	8.610408029086912	7.825391867538403
TCGA-FY-A4B4-01A	TCGA-FY-A4B4-01	not_DM	BRAF_like	cPTC	wildtype	0	0.0	657.0	0.0	657.0			0.0	657.0	0.0	62.50513347022587	1.0	0	7.046764058371404	6.518808817657358
TCGA-BJ-A45J-01A	TCGA-BJ-A45J-01	not_DM	BRAF_like	cPTC	wildtype	0	0.0	658.0	0.0	658.0			0.0	658.0	0.0	39.72621492128679	0.0	0	7.126703084444523	6.361478266119403
TCGA-BJ-A28Z-01A	TCGA-BJ-A28Z-01	DM1	BRAF_like	cPTC	wildtype	0	0.0	337.0	0.0	337.0			0.0	337.0	0.0	46.3025325119781	1.0	0	6.492766515188831	6.011891280136068
TCGA-EM-A3AR-01A	TCGA-EM-A3AR-01	not_DM	BRAF_like	cPTC	wildtype	0	0.0	1133.0	0.0	1133.0	0.0	1133.0	0.0	1133.0	0.0	41.92470910335387	0.0	1	9.481946857158183	8.328370988236681
TCGA-DJ-A3US-01A	TCGA-DJ-A3US-01	DM1	BRAF_like	cPTC	wildtype	0	0.0	998.0	0.0	998.0	0.0	998.0	0.0	998.0	0.0	37.327857631759066	0.0	0	9.037402918871605	8.134159556025166
TCGA-BJ-A2N8-01A	TCGA-BJ-A2N8-01	not_DM	RAS_like	cPTC	wildtype	0	0.0	504.0	0.0	504.0			0.0	504.0	0.0	30.18206707734429	0.0	0	8.866295565029564	7.652528129434889
TCGA-FE-A231-01A	TCGA-FE-A231-01	not_DM	BRAF_like	cPTC	wildtype	0	0.0	961.0	0.0	961.0			0.0	961.0	0.0	70.3709787816564	1.0	1	6.144146642752784	6.024057198812501
TCGA-DE-A2OL-01A	TCGA-DE-A2OL-01	DM2	RAS_like	FVPTC	wildtype	0	0.0	1145.0	0.0	1145.0	0.0	1145.0	0.0	1145.0	0.0	44.498288843258045	0.0	0	9.426023587746826	8.381963560078118
TCGA-EM-A1CV-01A	TCGA-EM-A1CV-01	not_DM	BRAF_like	cPTC	wildtype	0	0.0	1475.0	0.0	1475.0			0.0	1475.0	0.0	32.668035592060235	0.0	0	6.752561592328655	6.377997223531893
TCGA-DJ-A13O-01A	TCGA-DJ-A13O-01	not_DM	BRAF_like	cPTC	wildtype	0	0.0	1161.0	0.0	1161.0	0.0	1161.0	0.0	1161.0	0.0	56.889801505817935	0.0	1	8.52401589202011	7.490157858928288
TCGA-EL-A3MY-01A	TCGA-EL-A3MY-01	not_DM	BRAF_like	cPTC	mutated	1	1.0	533.0	1.0	533.0			1.0	533.0	0.0	81.3305954825462	1.0	1	6.032859211352467	5.259497011881896
TCGA-BJ-A45H-01A	TCGA-BJ-A45H-01	not_DM	BRAF_like	cPTC	wildtype	0	0.0	865.0	0.0	865.0			0.0	865.0	0.0	45.28678986995209	1.0	1	9.282688993165925	7.987584907600554
TCGA-DJ-A3V2-01A	TCGA-DJ-A3V2-01	not_DM	BRAF_like	cPTC	wildtype	0	0.0	615.0	0.0	615.0	0.0	615.0	0.0	615.0	0.0	44.851471594798085	0.0	0	7.063525594428845	6.437830748332456
TCGA-FK-A3S3-01A	TCGA-FK-A3S3-01	DM1	RAS_like	FVPTC	wildtype	0	0.0	2162.0	0.0	2162.0	0.0	2162.0	0.0	2162.0	0.0	43.4031485284052	0.0	0	7.30301593777853	6.950963180924849
TCGA-ET-A39T-01A	TCGA-ET-A39T-01	DM1	RAS_like	FVPTC	wildtype	0	0.0	2987.0	0.0	2987.0	0.0	2987.0	0.0	2987.0	0.0	55.20602327173169	1.0	0	7.121654244918018	6.68550181830632
TCGA-DJ-A2Q7-01A	TCGA-DJ-A2Q7-01	not_DM	BRAF_like	cPTC	wildtype	0	0.0	1068.0	0.0	1068.0	0.0	1068.0	0.0	1068.0	0.0	52.54757015742642	1.0	0	7.287690509402168	6.622531559326789
TCGA-DE-A69K-01A	TCGA-DE-A69K-01	DM1	BRAF_like	cPTC	wildtype	0	0.0	434.0	1.0	434.0			0.0	434.0	1.0	58.59822039698837	1.0	0	7.143705238251592	6.842165709109902
TCGA-ET-A25M-01A	TCGA-ET-A25M-01	DM1	BRAF_like	cPTC	wildtype	0	0.0	1831.0	0.0	1831.0	0.0	1831.0	0.0	1831.0	0.0	33.086926762491444	0.0	1	6.919134755013719	6.3995924618295765
TCGA-DJ-A4V5-01A	TCGA-DJ-A4V5-01	DM1	BRAF_like	cPTC	wildtype	0	0.0	1076.0	0.0	1076.0			0.0	1076.0	0.0	55.05270362765229	1.0	1	7.857462477631627	7.0762219138951385
TCGA-DE-A4M9-01A	TCGA-DE-A4M9-01	DM2	BRAF_like	cPTC	wildtype	0	0.0	573.0	0.0	573.0			0.0	573.0	0.0	28.42984257357974	0.0	1	8.83341971093472	7.9573732665631
TCGA-BJ-A0Z9-01A	TCGA-BJ-A0Z9-01	not_DM	BRAF_like	cPTC	mutated	1	0.0	1257.0	0.0	1257.0			0.0	1257.0	0.0	57.661875427789184	1.0	0	5.2356973503309145	4.793244440681524
TCGA-ET-A39N-01A	TCGA-ET-A39N-01	DM2	BRAF_like	cPTC	wildtype	0	0.0	3751.0	0.0	3751.0	0.0	3751.0	0.0	3751.0	0.0	35.32922655715264	0.0	0	8.335387107637729	7.40197347878657
TCGA-BJ-A0ZH-01A	TCGA-BJ-A0ZH-01	not_DM	BRAF_like	cPTC	wildtype	0	0.0	460.0	0.0	460.0			0.0	460.0	0.0	52.33127994524298	1.0	0	6.652535598648639	6.2625227976446425
TCGA-E8-A416-01A	TCGA-E8-A416-01	DM2	BRAF_like	cPTC	wildtype	0	0.0	952.0	0.0	952.0	0.0	952.0	0.0	952.0	0.0	51.83299110198495	0.0	0	9.207464236736891	8.302806782324762
TCGA-KS-A4ID-01A	TCGA-KS-A4ID-01	DM1	RAS_like	FVPTC	wildtype	0	0.0	1011.0	0.0	1011.0	0.0	1011.0	0.0	1011.0	0.0	55.88774811772758	0.0	0	8.622616214013108	7.462779537215538
TCGA-DJ-A13U-01A	TCGA-DJ-A13U-01	DM1	BRAF_like	cPTC	wildtype	0	0.0	1590.0	0.0	1590.0	0.0	1590.0	0.0	1590.0	0.0	60.5886379192334	1.0	1	7.428059424455936	6.869206553491458
TCGA-EL-A3T2-01A	TCGA-EL-A3T2-01	DM2	BRAF_like	cPTC	wildtype	0	0.0	988.0	1.0	903.0	1.0	903.0	0.0	988.0	1.0	58.450376454483234		0	9.033341631704603	8.208541184277792
TCGA-FY-A40K-01A	TCGA-FY-A40K-01	not_DM	BRAF_like	cPTC	wildtype	0	0.0	461.0	0.0	461.0	0.0	461.0	0.0	461.0	0.0	46.79534565366188	0.0	0	7.629950217311254	6.853354922210886
TCGA-DE-A4MA-01A	TCGA-DE-A4MA-01	DM1	BRAF_like	cPTC	wildtype	0	0.0	916.0	0.0	916.0	0.0	916.0	0.0	916.0	0.0	52.29295003422313	1.0	0	6.108869687402248	5.272802713266441
TCGA-DJ-A2Q0-01A	TCGA-DJ-A2Q0-01	DM2	BRAF_like	cPTC	wildtype	0	0.0	1045.0	0.0	1045.0	0.0	1045.0	0.0	1045.0	0.0	57.42094455852156	0.0	0	7.380918053129362	6.675785738205987
TCGA-EL-A3T6-01A	TCGA-EL-A3T6-01	DM1	BRAF_like	cPTC	wildtype	0	0.0	2988.0	0.0	2988.0	0.0	2988.0	0.0	2988.0	0.0	34.98151950718686	0.0	0	6.898200310049534	6.306515811815208
TCGA-KS-A41F-01A	TCGA-KS-A41F-01	not_DM	BRAF_like	cPTC	wildtype	0	0.0	4367.0	0.0	4367.0	0.0	4367.0	0.0	4367.0	0.0	37.08418891170431	0.0	0	6.464334273818925	5.667328679560075
TCGA-EL-A3T8-01A	TCGA-EL-A3T8-01	not_DM	BRAF_like	cPTC	wildtype	0	0.0	3269.0	0.0	3269.0	0.0	3269.0	0.0	3269.0	0.0	36.38603696098563	0.0	1	7.570208378099826	6.6942464123204335
TCGA-EM-A3O8-01A	TCGA-EM-A3O8-01	DM2	RAS_like	FVPTC	wildtype	0	0.0	381.0	0.0	381.0	0.0	381.0	0.0	381.0	0.0	33.96303901437371	0.0	0	9.02142277967419	8.275828311654681
TCGA-L6-A4EP-01A	TCGA-L6-A4EP-01	not_DM	BRAF_like	cPTC	wildtype	0	0.0	1016.0	0.0	1016.0	0.0	1016.0	0.0	1016.0	0.0	41.86721423682409	0.0	0	7.274824161540495	6.163724045391897
TCGA-J8-A3YG-01A	TCGA-J8-A3YG-01	not_DM	BRAF_like	cPTC	wildtype	0	0.0	678.0	0.0	678.0	0.0	678.0	0.0	678.0	0.0	54.16837782340863	1.0	0	7.736313172040091	6.897577129901524
TCGA-DE-A69J-01A	TCGA-DE-A69J-01	not_DM	BRAF_like	cPTC	wildtype	0	0.0	447.0	0.0	447.0	0.0	447.0	0.0	447.0	0.0	34.20396988364134	0.0	0	6.616450502426196	5.874149603222753
TCGA-J8-A3YH-06A	TCGA-J8-A3YH-06	not_DM	BRAF_like	cPTC	wildtype	0	0.0	175.0	0.0	175.0	0.0	175.0	0.0	175.0	0.0		0.0	0	6.928181583274866	6.286003955147855
TCGA-E8-A419-01A	TCGA-E8-A419-01	not_DM	BRAF_like	cPTC	wildtype	0	0.0	774.0	0.0	774.0	0.0	774.0	0.0	774.0	0.0	30.954140999315538	0.0	0	6.512729544154285	5.618802055893728
TCGA-DJ-A2Q2-01A	TCGA-DJ-A2Q2-01	DM2	RAS_like	FVPTC	wildtype	0	0.0	1337.0	0.0	1337.0	0.0	1337.0	0.0	1337.0	0.0	57.360711841204655	1.0	0	9.695516696165177	8.562271608885643
TCGA-BJ-A0ZG-01A	TCGA-BJ-A0ZG-01	DM2	RAS_like	FVPTC	wildtype	0	0.0	775.0	0.0	775.0			0.0	775.0	0.0	80.42436687200548	0.0	1	9.5348478151301	8.621661364840495
TCGA-EM-A2OW-01A	TCGA-EM-A2OW-01	DM2	RAS_like	FVPTC	wildtype	0	0.0	1227.0	0.0	1227.0	0.0	1227.0	0.0	1227.0	0.0	37.67556468172484	0.0	0	10.040703707728577	8.5130983788034
TCGA-BJ-A3F0-01A	TCGA-BJ-A3F0-01	DM2	BRAF_like	cPTC	wildtype	0	0.0	424.0	0.0	424.0	0.0	424.0	0.0	424.0	0.0	64.46269678302532	0.0	0	10.851633031312453	8.849457564571003
TCGA-EL-A3CY-01A	TCGA-EL-A3CY-01	DM1	BRAF_like	cPTC	wildtype	0	0.0	127.0	0.0	127.0	0.0	127.0	0.0	127.0	0.0			1	7.042476280102049	6.189085854239357
TCGA-EM-A3AQ-01A	TCGA-EM-A3AQ-01	DM1	BRAF_like	cPTC	wildtype	0	0.0	904.0	0.0	904.0	0.0	904.0	0.0	904.0	0.0	85.4154688569473	0.0	0	7.037646803085524	6.48960893582333
TCGA-J8-A4HW-06A	TCGA-J8-A4HW-06	DM1	unknown	unknown	wildtype	0	0.0	79.0	0.0	79.0	0.0	79.0	0.0	79.0	0.0			0	7.520168184961039	6.776870250900497
TCGA-J8-A4HW-01A	TCGA-J8-A4HW-01	DM1	unknown	unknown	wildtype	0	0.0	79.0	0.0	79.0	0.0	79.0	0.0	79.0	0.0	44.23271731690623		0	8.312764817611367	7.200541680100989
TCGA-L6-A4ET-01A	TCGA-L6-A4ET-01	not_DM	BRAF_like	unknown	wildtype	0	0.0	664.0	0.0	664.0			0.0	664.0	0.0	46.07802874743327		0	6.652929168959877	6.206344266144695
TCGA-DJ-A3V4-01A	TCGA-DJ-A3V4-01	not_DM	BRAF_like	unknown	wildtype	0	0.0	1294.0	0.0	1294.0	0.0	1294.0	0.0	1294.0	0.0	54.220396988364136		0	8.386140618275942	7.424578632550315
TCGA-BJ-A291-01A	TCGA-BJ-A291-01	DM2	unknown	unknown	wildtype	0	0.0	696.0	0.0	696.0			0.0	696.0	0.0		0.0	0	8.643422239833269	7.654638647389492
TCGA-J8-A3NZ-01A	TCGA-J8-A3NZ-01	not_DM	BRAF_like	cPTC	wildtype	0	0.0	524.0	0.0	524.0	0.0	524.0	0.0	524.0	0.0	52.17796030116359	1.0	0	6.136751041537754	5.772197993516771
TCGA-DJ-A3UU-01A	TCGA-DJ-A3UU-01	not_DM	BRAF_like	unknown	wildtype	0	0.0	713.0	0.0	713.0			0.0	713.0	0.0			0	8.457339982751497	7.292024451856751
TCGA-EL-A4K4-01A	TCGA-EL-A4K4-01	not_DM	BRAF_like	unknown	wildtype	0	0.0	1623.0	0.0	1623.0	0.0	1623.0	0.0	1623.0	1.0			0	5.856314249304631	5.4110426610544655
TCGA-J8-A3YF-01A	TCGA-J8-A3YF-01	not_DM	BRAF_like	cPTC	wildtype	0	0.0	751.0	0.0	751.0	0.0	751.0	0.0	751.0	0.0	83.94524298425736	1.0	1	6.671390855845056	5.84521682425493
TCGA-ET-A25I-01A	TCGA-ET-A25I-01	not_DM	RAS_like	FVPTC	wildtype	0	0.0	2485.0	0.0	2485.0	0.0	2485.0	0.0	2485.0	0.0	37.74401095140315	0.0	0	9.325540194023771	8.10494660626326
TCGA-DJ-A3VI-01A	TCGA-DJ-A3VI-01	not_DM	BRAF_like	cPTC	wildtype	0	0.0	95.0	0.0	95.0	0.0	95.0	0.0	95.0	0.0	52.16427104722793	1.0	0	6.808650576133855	6.266947637270998
TCGA-CE-A3MD-01A	TCGA-CE-A3MD-01	DM1	BRAF_like	cPTC	wildtype	0	0.0	389.0	0.0	389.0	0.0	389.0	0.0	389.0	0.0	31.208761122518823	0.0	1	7.601368325241796	6.9167601871892606
TCGA-DJ-A2Q5-01A	TCGA-DJ-A2Q5-01	not_DM	BRAF_like	cPTC	wildtype	0	0.0	1140.0	0.0	1140.0			0.0	1140.0	0.0	51.27173169062286	1.0	1	6.769121444847722	6.128539079619805
TCGA-EM-A22P-01A	TCGA-EM-A22P-01	not_DM	BRAF_like	cPTC	wildtype	0	0.0	1256.0	0.0	1256.0			0.0	1256.0	0.0	64.95003422313484	1.0	1	7.16577091651037	6.370534062452036
TCGA-EL-A4KI-01A	TCGA-EL-A4KI-01	not_DM	RAS_like	cPTC	mutated	1	0.0	727.0	1.0	265.0	1.0	265.0	0.0	727.0	1.0	63.46885694729637	1.0	1	8.643231008983857	7.009148302884935
TCGA-EL-A3ZN-01A	TCGA-EL-A3ZN-01	DM1	BRAF_like	cPTC	wildtype	0	0.0	1614.0	0.0	1614.0	0.0	1614.0	0.0	1614.0	0.0	28.10677618069815	0.0	0	7.528520118886969	7.055496923157458
TCGA-DJ-A1QN-01A	TCGA-DJ-A1QN-01	not_DM	BRAF_like	cPTC	wildtype	0	0.0	1295.0	0.0	1295.0	0.0	1295.0	0.0	1295.0	0.0	42.00684462696783	0.0	0	6.58280202078251	6.192110430589154
TCGA-BJ-A2N9-01A	TCGA-BJ-A2N9-01	DM2	BRAF_like	cPTC	wildtype	0	0.0	623.0	1.0	225.0			0.0	623.0	1.0	42.19301848049281	0.0	0	9.360146847899284	8.193070072458898
TCGA-DE-A7U5-01A	TCGA-DE-A7U5-01	not_DM	BRAF_like	cPTC	wildtype	0	0.0	84.0	0.0	84.0			0.0	84.0	0.0	36.71731690622861	0.0	0	6.189253830926942	5.6113665067410246
TCGA-EL-A3D6-01A	TCGA-EL-A3D6-01	not_DM	BRAF_like	cPTC	wildtype	0	0.0	3296.0	0.0	3296.0			0.0	3296.0	0.0	51.03353867214237	1.0	0	6.2969008873030266	5.395143433639589
TCGA-E8-A414-01A	TCGA-E8-A414-01	not_DM	BRAF_like	cPTC	wildtype	0	0.0	958.0	0.0	958.0	0.0	958.0	0.0	958.0	0.0	45.869952087611225	1.0	0	8.316187056939599	7.310593032704887
TCGA-DJ-A4UP-01A	TCGA-DJ-A4UP-01	DM1	BRAF_like	cPTC	wildtype	0	0.0	916.0	0.0	916.0	0.0	916.0	0.0	916.0	0.0	15.482546201232031	0.0	0	8.489313286821716	7.6002049555427
TCGA-EL-A3CM-01A	TCGA-EL-A3CM-01	not_DM	BRAF_like	cPTC	wildtype	0	1.0	813.0	0.0	813.0				813.0	0.0	64.08213552361396	1.0	0	6.5311801618309495	6.065777212910323
TCGA-EL-A3CR-01A	TCGA-EL-A3CR-01	not_DM	BRAF_like	unknown	mutated	1	1.0	233.0	0.0	233.0				233.0	0.0	78.3709787816564		0	6.917537862692317	6.196586432084813
TCGA-BJ-A3PT-01A	TCGA-BJ-A3PT-01	not_DM	RAS_like	cPTC	wildtype	0	0.0	709.0	0.0	709.0			0.0	709.0	0.0	51.75359342915811	1.0	0	9.310852253994645	8.028426444350144
TCGA-ET-A3BW-01A	TCGA-ET-A3BW-01	not_DM	BRAF_like	cPTC	wildtype	0	0.0	1419.0	0.0	1419.0	0.0	1419.0	0.0	1419.0	0.0	30.203969883641346	0.0	0	7.449129343632096	6.581313638015329
TCGA-EM-A2CM-01A	TCGA-EM-A2CM-01	not_DM	RAS_like	unknown	wildtype	0	0.0	1253.0	0.0	1253.0	0.0	1253.0	0.0	1253.0	0.0	62.220396988364136	1.0	0	7.25933169787964	6.710129903317965
TCGA-DJ-A2PR-01A	TCGA-DJ-A2PR-01	not_DM	BRAF_like	unknown	wildtype	0	0.0	835.0	0.0	835.0	0.0	835.0	0.0	835.0	0.0			1	6.80994684531437	6.3216331730840105
TCGA-EL-A3GZ-01A	TCGA-EL-A3GZ-01	not_DM	BRAF_like	cPTC	wildtype	0	0.0	4258.0	0.0	4258.0	0.0	4258.0	0.0	4258.0	0.0	34.67488021902806	0.0	0	6.956494103405873	6.180954170484795
TCGA-E8-A44M-01A	TCGA-E8-A44M-01	DM1	BRAF_like	cPTC	wildtype	0	0.0	917.0	0.0	917.0	0.0	917.0	0.0	917.0	0.0	23.3347022587269	0.0	0	8.36329553954683	7.400054639418879
TCGA-DJ-A3V9-01A	TCGA-DJ-A3V9-01	not_DM	BRAF_like	cPTC	wildtype	0	0.0	623.0	0.0	623.0			0.0	623.0	0.0	50.37371663244353	1.0	0	8.1369976320735	7.088680682533788
TCGA-DJ-A13X-01A	TCGA-DJ-A13X-01	not_DM	BRAF_like	FVPTC	wildtype	0	0.0	253.0	0.0	253.0	0.0	253.0	0.0	253.0	0.0	51.16769336071184	1.0	0	8.309052092434564	7.478951103405551
TCGA-EM-A3O6-01A	TCGA-EM-A3O6-01	DM2	RAS_like	FVPTC	wildtype	0	0.0	458.0	0.0	458.0	0.0	458.0	0.0	458.0	0.0	54.362765229295	0.0	0	9.754490237966165	8.400111754100863
TCGA-DE-A0XZ-01A	TCGA-DE-A0XZ-01	not_DM	BRAF_like	unknown	wildtype	0	0.0	1090.0	1.0	204.0	1.0	204.0	0.0	1090.0	0.0	66.32169746748802		0	6.308705527846784	6.1014425349641055
TCGA-DJ-A3V6-01A	TCGA-DJ-A3V6-01	not_DM	BRAF_like	unknown	wildtype	0	0.0	818.0	0.0	818.0	0.0	818.0	0.0	818.0	0.0	49.06776180698152	0.0	1	6.620177662938161	6.1410543615690285
TCGA-EM-A4FH-01A	TCGA-EM-A4FH-01	DM2	RAS_like	FVPTC	wildtype	0	0.0	892.0	0.0	892.0	0.0	892.0	0.0	892.0	0.0	69.81519507186859	1.0	1	9.526857438002525	8.534685942173107
TCGA-ET-A3DW-01A	TCGA-ET-A3DW-01	not_DM	BRAF_like	cPTC	mutated	1	0.0	752.0	0.0	752.0	0.0	752.0	0.0	752.0	0.0	64.62149212867898	1.0	1	6.41489271295712	5.772865362784553
TCGA-ET-A39P-01A	TCGA-ET-A39P-01	not_DM	BRAF_like	cPTC	wildtype	0	0.0	2900.0	0.0	2900.0			0.0	2900.0	0.0	73.42094455852155	1.0	0	7.08202959750096	6.421987784512603
TCGA-BJ-A3PU-01A	TCGA-BJ-A3PU-01	not_DM	BRAF_like	cPTC	wildtype	0	0.0	567.0	1.0	174.0	1.0	174.0	0.0	567.0	0.0	52.64339493497605		1	6.308440494145152	5.714684482546891
TCGA-EM-A2CN-01A	TCGA-EM-A2CN-01	not_DM	RAS_like	FVPTC	mutated	1	0.0	715.0	0.0	715.0			0.0	715.0	0.0	62.46954140999316	1.0	1	8.83669823432397	7.721339104487086
TCGA-FY-A40N-01A	TCGA-FY-A40N-01	DM2	RAS_like	FVPTC	wildtype	0	0.0	579.0	0.0	579.0	0.0	579.0	0.0	579.0	0.0	55.6331279945243	0.0	0	9.316637051399576	8.03361012883252
TCGA-ET-A3BU-01A	TCGA-ET-A3BU-01	not_DM	BRAF_like	cPTC	wildtype	0	0.0	2367.0	0.0	2367.0	0.0	2367.0	0.0	2367.0	0.0	28.774811772758383	0.0	1	8.061318673413554	7.072259329122636
TCGA-KS-A4IC-01A	TCGA-KS-A4IC-01	not_DM	BRAF_like	cPTC	wildtype	0	0.0	1073.0	0.0	1073.0			0.0	1073.0	0.0	45.64271047227926	1.0	0	7.268263662353563	6.658584895354438
TCGA-EL-A3GQ-01A	TCGA-EL-A3GQ-01	not_DM	BRAF_like	unknown	mutated	1	0.0	1528.0	0.0	1528.0	0.0	1528.0	0.0	1528.0	0.0			0	8.595887305967423	7.650989624624968
TCGA-J8-A3YD-01A	TCGA-J8-A3YD-01	not_DM	BRAF_like	cPTC	wildtype	0	0.0	968.0	0.0	968.0	0.0	968.0	0.0	968.0	0.0	47.68240930869268	1.0	0	10.099270345123056	8.568204882982666
TCGA-EM-A4FQ-01A	TCGA-EM-A4FQ-01	not_DM	BRAF_like	FVPTC	wildtype	0	0.0	683.0	0.0	683.0	0.0	683.0	0.0	683.0	0.0	42.52977412731006	0.0	0	6.581179235710345	5.968743111774339
TCGA-FY-A3WA-01A	TCGA-FY-A3WA-01	DM2	RAS_like	FVPTC	wildtype	0	0.0	519.0	0.0	519.0	0.0	519.0	0.0	519.0	0.0	52.0	0.0	0	9.527532754915743	8.632017607269349
TCGA-ET-A2MX-01A	TCGA-ET-A2MX-01	DM1	BRAF_like	cPTC	wildtype	0	0.0	2689.0	0.0	2689.0	0.0	2689.0	0.0	2689.0	0.0	27.498973305954827	0.0	1	6.22166193139517	5.757657918506671
TCGA-FY-A3I5-01B	TCGA-FY-A3I5-01	DM2	RAS_like	FVPTC	wildtype	0	0.0	238.0	0.0	238.0	0.0	238.0	0.0	238.0	0.0	64.76112251882273	1.0	0	9.567397910425075	8.39413322358515
TCGA-IM-A41Y-01A	TCGA-IM-A41Y-01	not_DM	BRAF_like	unknown	wildtype	0	0.0	664.0	0.0	664.0	0.0	664.0	0.0	664.0	0.0	42.9678302532512	0.0	0	6.617399067225641	6.03241820461293
TCGA-EM-A2OV-01A	TCGA-EM-A2OV-01	DM2	RAS_like	FVPTC	wildtype	0	0.0	674.0	0.0	674.0	0.0	674.0	0.0	674.0	0.0	64.76659822039699	0.0	0	9.384847748793868	8.26607027520767
TCGA-E3-A3E3-01A	TCGA-E3-A3E3-01	not_DM	BRAF_like	cPTC	wildtype	0	0.0	1595.0	1.0	445.0	1.0	445.0	0.0	1595.0	1.0	50.8829568788501		0	6.915626187789327	6.459136866920272
TCGA-ET-A3BQ-01B	TCGA-ET-A3BQ-01	not_DM	BRAF_like	cPTC	wildtype	0	0.0	2331.0	0.0	2331.0	0.0	2331.0	0.0	2331.0	0.0	27.471594798083505	0.0	0	7.883104098831493	6.81074710277527
TCGA-J8-A3O0-01A	TCGA-J8-A3O0-01	not_DM	RAS_like	FVPTC	wildtype	0	0.0	1313.0	0.0	1313.0	0.0	1313.0	0.0	1313.0	0.0	38.91581108829569	0.0	1	8.447700105025516	7.637155677099584
TCGA-EL-A3CL-01A	TCGA-EL-A3CL-01	not_DM	BRAF_like	cPTC	wildtype	0	1.0	963.0	0.0	963.0	0.0	963.0		963.0	0.0	70.52977412731006	0.0	0	7.654244335195477	6.907107474542792
TCGA-EL-A3T3-01A	TCGA-EL-A3T3-01	not_DM	BRAF_like	cPTC	wildtype	0	0.0	4017.0	0.0	4017.0	0.0	4017.0	0.0	4017.0	0.0	63.08829568788501	0.0	1	6.505944767979359	5.980337849345871
TCGA-ET-A25J-01A	TCGA-ET-A25J-01	not_DM	BRAF_like	cPTC	wildtype	0	0.0	2359.0	0.0	2359.0	0.0	2359.0	0.0	2359.0	0.0	40.63791923340178	0.0	0	7.078916856269669	6.577161213205361
TCGA-EL-A3ZT-01A	TCGA-EL-A3ZT-01	not_DM	BRAF_like	cPTC	wildtype	0	0.0	1808.0	0.0	1808.0	0.0	1808.0	0.0	1808.0	0.0	35.87405886379192	0.0	1	7.21687101295485	6.430813955263145
TCGA-EM-A3AI-01A	TCGA-EM-A3AI-01	DM2	RAS_like	FVPTC	wildtype	0	0.0	685.0	0.0	685.0	0.0	685.0	0.0	685.0	0.0	67.95345653661876	0.0	0	9.791067166975065	8.597750655859523
TCGA-EM-A22O-01A	TCGA-EM-A22O-01	not_DM	BRAF_like	cPTC	mutated	1	0.0	1344.0	0.0	1344.0			0.0	1344.0	0.0	75.99726214921287	1.0	1	6.550868850888688	6.0524227611541646
TCGA-ET-A40Q-01A	TCGA-ET-A40Q-01	not_DM	BRAF_like	cPTC	wildtype	0	0.0	1407.0	1.0	218.0	1.0	218.0	0.0	1407.0	0.0	39.29911019849418		1	5.9131575101266565	5.561545925885389
TCGA-FY-A4B0-01A	TCGA-FY-A4B0-01	DM2	RAS_like	FVPTC	wildtype	0	0.0	420.0	0.0	420.0			0.0	420.0	0.0	76.5119780971937	0.0	1	9.35684789494718	8.145303498968662
TCGA-ET-A39K-01A	TCGA-ET-A39K-01	not_DM	BRAF_like	cPTC	wildtype	0	0.0	3267.0	1.0	711.0			0.0	3267.0	1.0	48.70362765229295	1.0	0	6.462662884309479	5.956579983471219
TCGA-EM-A2CQ-01A	TCGA-EM-A2CQ-01	not_DM	RAS_like	FVPTC	wildtype	0	0.0	374.0	0.0	374.0	0.0	374.0	0.0	374.0	0.0	40.45448323066393	0.0	0	8.932683494828364	8.123752547783276
TCGA-EM-A2CS-01A	TCGA-EM-A2CS-01	not_DM	BRAF_like	cPTC	wildtype	0	0.0	841.0	0.0	841.0			0.0	841.0	0.0	51.9917864476386	1.0	0	8.63397572203585	7.604822188964715
TCGA-EM-A2CS-06A	TCGA-EM-A2CS-06	not_DM	BRAF_like	cPTC	wildtype	0	0.0	841.0	0.0	841.0			0.0	841.0	0.0		1.0	0	8.553832959243167	7.34055955597229
TCGA-FY-A40M-01A	TCGA-FY-A40M-01	DM1	BRAF_like	cPTC	wildtype	0	0.0	684.0	0.0	684.0	0.0	684.0	0.0	684.0	0.0	51.2580424366872	0.0	0	6.9932565346841855	6.1653318480428005
TCGA-ET-A4KN-01A	TCGA-ET-A4KN-01	DM1	BRAF_like	cPTC	wildtype	0	0.0	1009.0	0.0	1009.0	0.0	1009.0	0.0	1009.0	0.0	51.715263518138265	1.0	0	4.960186739635887	4.073573657560722
TCGA-KS-A41I-01A	TCGA-KS-A41I-01	not_DM	RAS_like	FVPTC	wildtype	0	0.0	486.0	0.0	486.0	0.0	486.0	0.0	486.0	0.0	47.08008213552361	0.0	0	7.441601417865289	6.505547481859001
TCGA-DJ-A4UL-01A	TCGA-DJ-A4UL-01	not_DM	BRAF_like	cPTC	wildtype	0	0.0	939.0	0.0	939.0	0.0	939.0	0.0	939.0	0.0	68.27926078028747	0.0	0	6.851474472984698	6.062031536202831
TCGA-ET-A40P-01A	TCGA-ET-A40P-01	DM1	RAS_like	FVPTC	wildtype	0	0.0	1338.0	0.0	1338.0	0.0	1338.0	0.0	1338.0	0.0	32.42436687200548	0.0	0	8.287137025068967	7.437704798098555
TCGA-DJ-A3V5-01A	TCGA-DJ-A3V5-01	not_DM	BRAF_like	cPTC	wildtype	0	0.0	584.0	0.0	584.0			0.0	584.0	0.0	76.435318275154	1.0	0	7.154361401210163	6.407784999043042
TCGA-FE-A22Z-01A	TCGA-FE-A22Z-01	DM1	RAS_like	FVPTC	wildtype	0	0.0	2243.0	1.0	1215.0			0.0	2243.0	1.0	66.68856947296372		0	5.9186613222722	5.4530673056068055
TCGA-FE-A237-01A	TCGA-FE-A237-01	not_DM	BRAF_like	cPTC	wildtype	0	0.0	3431.0	1.0	492.0	1.0	492.0	0.0	3431.0	0.0	21.6290212183436		0	7.13393347496794	6.393113136452732
TCGA-FK-A3SG-01A	TCGA-FK-A3SG-01	DM1	BRAF_like	cPTC	wildtype	0	0.0	28.0	0.0	28.0	0.0	28.0	0.0	28.0		21.1088295687885	0.0	0	7.627333423503505	6.7723854947401945
TCGA-GE-A2C6-01A	TCGA-GE-A2C6-01	not_DM	BRAF_like	cPTC	wildtype	0	0.0	381.0	0.0	381.0			0.0	381.0	0.0	33.0403832991102	0.0	0	6.583198637938708	6.283507948040856
TCGA-EM-A22Q-01A	TCGA-EM-A22Q-01	DM1	RAS_like	FVPTC	wildtype	0	0.0	433.0	0.0	433.0	0.0	433.0	0.0	433.0	0.0	36.52566735112936	0.0	1	8.814807090306854	7.485780310733373
TCGA-FY-A3W9-01A	TCGA-FY-A3W9-01	not_DM	RAS_like	FVPTC	mutated	1	0.0	658.0	0.0	658.0			0.0	658.0	0.0	66.08076659822039	0.0	0	9.824823248568356	8.344621106705981
TCGA-DE-A4MC-01A	TCGA-DE-A4MC-01	DM1	BRAF_like	cPTC	wildtype	0	0.0	913.0	1.0	332.0	1.0	332.0	0.0	913.0	1.0	44.70362765229295		0	6.0547136540692215	5.752910691107848
TCGA-EL-A4K9-01A	TCGA-EL-A4K9-01	not_DM	BRAF_like	cPTC	wildtype	0	0.0	1455.0	0.0	1455.0	0.0	1455.0	0.0	1455.0	0.0	68.39151266255989	0.0	1	7.769833119026727	6.641078147191853
TCGA-FK-A3SB-01A	TCGA-FK-A3SB-01	not_DM	BRAF_like	cPTC	wildtype	0	0.0	125.0	0.0	125.0	0.0	125.0	0.0	125.0	0.0	28.18069815195072	0.0	0	7.286536147360163	6.681808490411224
TCGA-H2-A422-01A	TCGA-H2-A422-01	not_DM	BRAF_like	cPTC	wildtype	0	0.0	566.0	0.0	566.0			0.0	566.0	0.0	40.303901437371664	0.0	0	7.195985771015915	6.77785626205469
TCGA-EM-A3FM-01A	TCGA-EM-A3FM-01	not_DM	BRAF_like	cPTC	wildtype	0	0.0	639.0	1.0	514.0			0.0	639.0	1.0	57.32511978097194	1.0	1	5.910522525655827	5.447723855856172
TCGA-DJ-A13S-01A	TCGA-DJ-A13S-01	DM2	RAS_like	FVPTC	wildtype	0	0.0	265.0	0.0	265.0	0.0	265.0	0.0	265.0	0.0	19.43600273785079	0.0	0	8.794071433006431	7.759834697664278
TCGA-EM-A3SY-01A	TCGA-EM-A3SY-01	DM2	RAS_like	FVPTC	wildtype	0	0.0	411.0	0.0	411.0	0.0	411.0	0.0	411.0	0.0	36.85420944558521	0.0	1	7.64784065427131	6.722600075009575
TCGA-EM-A2P1-01A	TCGA-EM-A2P1-01	DM1	BRAF_like	cPTC	wildtype	0	0.0	531.0	1.0	363.0	1.0	363.0	0.0	531.0	1.0	34.724161533196444		1	6.699749243410237	5.893772306636926
TCGA-EL-A3T1-01A	TCGA-EL-A3T1-01	not_DM	BRAF_like	cPTC	wildtype	0	0.0	3941.0	0.0	3941.0	0.0	3941.0	0.0	3941.0	0.0	38.39835728952772	0.0	0	5.641468375163503	5.401692547940376
TCGA-DJ-A2PS-01A	TCGA-DJ-A2PS-01	not_DM	BRAF_like	cPTC	wildtype	0	0.0	797.0	0.0	797.0	0.0	797.0	0.0	797.0	0.0	40.837782340862425	0.0	0	8.067458281210893	7.248792465799839
TCGA-EL-A3TB-01A	TCGA-EL-A3TB-01	DM1	BRAF_like	cPTC	wildtype	0	0.0	2519.0	0.0	2519.0	0.0	2519.0	0.0	2519.0	0.0	47.07734428473648	1.0	0	8.179112505061477	7.403607204134778
TCGA-BJ-A45C-01A	TCGA-BJ-A45C-01	DM2	BRAF_like	cPTC	wildtype	0	1.0	243.0	1.0	243.0			1.0	243.0	0.0	78.00136892539356	1.0	1	8.899403145150867	7.91911215169292
TCGA-DJ-A3UX-01A	TCGA-DJ-A3UX-01	not_DM	BRAF_like	cPTC	wildtype	0	0.0	345.0	0.0	345.0	0.0	345.0	0.0	345.0	0.0	46.8829568788501	0.0	0	8.931248653600868	7.809625684225126
TCGA-DJ-A2PX-01A	TCGA-DJ-A2PX-01	DM1	RAS_like	FVPTC	wildtype	0	0.0	881.0	0.0	881.0	0.0	881.0	0.0	881.0	0.0	54.99794661190965	0.0	0	7.668794450572699	7.078386898030723
TCGA-EL-A3ZS-01A	TCGA-EL-A3ZS-01	DM1	BRAF_like	cPTC	wildtype	0	0.0	215.0	0.0	215.0	0.0	215.0	0.0	215.0	0.0	22.11088295687885	0.0	0	8.458826352349412	7.289188730983539
