TCR,epitope,Label
CAWVLGPAGDTQYF,KLGGALQAK,0
CASSRLSTDTQYF,GILGFVFTL,1
CASSPGASYEQYF,KLGGALQAK,1
CASSLAGGNTDTQYF,KLGGALQAK,1
CASSQGTGVTEAFF,ALIHHNTHL,0
CASSDPGQGDSGELFF,KLGGALQAK,1
CASSHDGLNTEAFF,NLVPMVATV,0
CSVGGTFYGYTF,KLGGALQAK,0
CASSQGGRGYNEQFF,VTEHDTLLY,0
CASSLGGVNVEAFF,CRVLCCYVL,1
CASSPLTAGGVF,RLRAEAQVK,1
CASSSKTGAYEQYF,KLGGALQAK,0
CASSFGGPQETQYF,GILGFVFTL,0
CSAPGGRPQHF,FVLAAVYRI,1
CASSTRGTVYGYTF,NLVPMVATV,0
CSVAGASGNEQFF,RLRAEAQVK,0
CASINRAANTGELFF,LTDEMIAQY,1
CASSQVLTSSQETQYF,TTDPSFLGRY,0
CASSLGTGPSYEQYF,ATDALMTGY,1
CAISEENIDTQYF,LPRRSGAAGA,0
CASSVAGSSYEQYF,LTDEMIAQY,1
CASSDYRGDFAGELFF,GILGFVFTL,0
CASSPFGGELFF,NLVPMVATV,1
CASRRTSGGPNNEQFF,KLGGALQAK,0
CASSLTPSASGYEQYF,LLWNGPMAV,1
CASSLSGGRDNEQFF,LPRRSGAAGA,0
CASSPFGGELFF,KLGGALQAK,0
CASSETGQLDEQFF,GILGFVFTL,0
CSASPVGGAYEQYF,YLQPRTFLL,0
CASSVAGSSYEQYF,KLMNIQQKL,0
CASSQGGAWQADSYEQYF,IVTDFSVIK,1
CATQSGLFYEQYF,KLGGALQAK,1
CASSIRSAGELFF,LLWNGPMAV,0
CASSQDGPRGQETQYF,SPRWYFYYL,1
CASSLEGVPVEF,FPRPWLHGL,1
CASSLGGVNVEAFF,ATDALMTGF,0
CSAAKTSVYEQFF,RLRAEAQVK,0
CSTNSASGDYEQYF,KLGGALQAK,1
CASSQGRQRVSYGYTF,KLGGALQAK,0
CASSRVDTQYF,KLGGALQAK,1
CASKVWGGLEPEAFF,YTVSCLPFT,1
CASSFSGKLFSGANVLTF,NLVPMVATV,1
CASSLEPLASTDTQYF,KLGGALQAK,1
CASSQDPRADYGYTF,KLGGALQAK,1
CASSIAGYYEQFF,GLCTLVAML,0
CASSYSVEAEAFF,TSAMQTMLF,1
CASSVASGQGYEQYF,KTFPPTEPK,0
CASSDPPSGGNTDTQYF,KLGGALQAK,0
CATCNVGNTIYF,KLGGALQAK,1
CASSPTGSDTGELFF,AVFDRKSDAK,0
CASSYNSMNTEAFF,KLGGALQAK,0
CASSEVSYEQYF,GILGFVFTL,0
CASSQVLTSSQETQYF,KLGGALQAK,1
CASSSRGADGELFF,RTLNAWVKV,1
CSAAKTSVYEQFF,KLGGALQAK,1
CASSLELGLAEAFF,NLVPMVATV,0
CASSIGTGELFF,GILGFVFTL,1
CASSIYGSSYNEQFF,GILGFVFTL,1
CAISESRQGNYGYTF,ELAGIGILTV,1
CASSLLQGARTEAFF,TPRVTGGGAM,1
CASSYSRTGSYEQYF,LLWNGPMAV,1
CASSQDPGVLYEQYF,LLLGIGILV,0
CSARDRDRGYEQYF,KLGGALQAK,0
CSASPVGGAYEQYF,GLNKIVRMY,1
CSARGFRGGDGYTF,KLGGALQAK,1
CASSFGTSNSDTQYF,KLGGALQAK,1
CASSIGTGELFF,LPRRSGAAGA,0
CASSFPGSNEKLFF,KLGGALQAK,1
CSVEGTRGYNEQFF,GILGFVFTL,1
CASSPRAGVNQPQHF,KLGGALQAK,0
CASSLGTGPSYEQYF,GLCTLVAML,0
CSVSRDRNTGELFF,KLGGALQAK,0
CASSRLAGEGPGELFF,NLVPMVATV,0
CASSRLAGEGPGELFF,SPRWYFYYL,1
CASTVAAYNEQFF,KLGGALQAK,1
CASSQDRLGDTQYF,VYFLQSINF,1
CASSFSRGLGTEAFF,FLCMKALLL,0
CSATGGRHTGELFF,CINGVCWTV,1
CASSFGTSNSDTQYF,GILGFVFTL,0
CASSDYRGDFAGELFF,KLGGALQAK,1
CSARDGENTGELFF,KLGGALQAK,0
CASSIAGYYEQFF,KLGGALQAK,1
CASSLVIGTPEQFF,LPRRSGAAGA,1
CASSLDLGQGKTQYF,RAKFKQLL,0
CASSQDRLGDTQYF,RPHERNGFTVL,0
CASSIESGSKQRNEQFF,ALIHHNTHL,1
CASSWGNTGELFF,IMNDMPIYM,1
CASSEWSGVGYEQYF,FLCMKALLL,1
CASSWGNTGELFF,SPRWYFYYL,0
CATHRGGVNTEAFF,ALSPVIPHI,0
CASTLAGGTDTQYF,KLGGALQAK,0
CSVESLDRGETQYF,GLCTLVAML,0
CASSQDTSGLYNEQFF,RAKFKQLL,1
CSARGLADFVDTQYF,NLVPMVATV,1
CASSGGTNPGELFF,YLQPRTFLL,0
CSVGTGEDGEQYF,YSEHPTFTSQY,1
CSVGTSAYEQFF,GLCTLVAML,1
CSVPGGANTEAFF,KLGGALQAK,1
CASTSTGSGAKNIQYF,NLVPMVATV,1
CASSEAGQDQPQHF,NLVPMVATV,0
CASGSAVRGGLETQYF,LPRRSGAAGA,0
CASSFPGAEAFF,AVFDRKSDAK,1
CASSENTANTGELFF,NLVPMVATV,0
CASSEEPSGGAYEQYF,KLGGALQAK,0
CASSEQRESTDTQYF,GPGHKARVL,1
CASSLPSGPGSEAFF,AVFDRKSDAK,0
CASTPGEGSRKEQYF,KLGGALQAK,1
CSTNSASGDYEQYF,ATDALMTGY,0
CASSPTANTGELFF,LLWNGPMAV,0
CASTPWGGAGGELFF,KLGGALQAK,1
CASSQVGLGRGSQYF,GLCTLVAML,1
CASSPRAGVNQPQHF,GLCTLVAML,1
CASSQEATRFSQGYEQYF,KTFPPTEPK,1
CASSLGVGGETQYF,KLGGALQAK,0
CASSPLMQREGNEQFF,KLGGALQAK,1
CASSEQRESTDTQYF,KLGGALQAK,0
CASSQEWLAGGPGTQYF,KLGGALQAK,1
CASSLGQGYYGYTF,NLVPMVATV,0
CASSEAGQDQPQHF,KLGGALQAK,1
CASSETDSNYEQYF,KRWIILGLNK,0
CSARDKAGEGYNEQFF,GILGFVFTL,1
CASSKENNNRPYEQYF,VTEHDTLLY,1
CASSQEWLAGGPGTQYF,ELAGIGILTV,0
CATSSRAADEAFF,KLGGALQAK,0
CSARGFRGGDGYTF,CRVLCCYVL,0
CSVAATGNTEAFF,KLGGALQAK,1
CSAEPGGISDSSYNEQFF,KRWIILGLNK,0
CSAAFRGLTGHYEQYF,KRWIILGLNK,1
CSARKVGLTVPTSGSFLAVDYEQYF,RAKFKQLL,1
CASGSAVRGGLETQYF,AVFDRKSDAK,1
CASSLEGAKTEAFF,VYFLQSINF,0
CASSYRGEAGELFF,GLCTLVAML,0
CASSIPLAESTDTQYF,SPRWYFYYL,0
CASSYYSGGGSAFF,MEVTPSGTWL,0
CASSDPPSGGNTDTQYF,NLVPMVATV,1
CASSQSDNDDYTQYF,KLGGALQAK,1
CASSLGGDEQYF,KLGGALQAK,0
CASSSLWEETQYF,KLGGALQAK,1
CASSNADTPLQETQYF,GLCTLVAML,1
CASSLLPYNALVSGTDTQYF,LPRRSGAAGA,0
CAISESRQGNYGYTF,GLNKIVRMY,0
CASSFPGAEAFF,GILGFVFTL,0
CASSLELGLAEAFF,RLRAEAQVK,1
CASSYRGEAGELFF,KLGGALQAK,1
CASSPTGSDTGELFF,GILGFVFTL,1
CASSRLSTDTQYF,IVTDFSVIK,0
CASSHRGSWKEQYF,LPRRSGAAGA,1
CASMDENTGELFF,YLQPRTFLL,1
CASSMGGVGTEAFF,ALSPVIPHI,1
CASSHTISGTSGTGELFF,KLGGALQAK,1
CASSSKTGAYEQYF,GLCTLVAML,1
CASSFQGEADTQYF,CRVLCCYVL,1
CASSYSRTGSYEQYF,KRWIILGLNK,0
CASSFSNEKLFF,RAKFKQLL,0
CSVRGSSYEQYF,LPRRSGAAGA,1
CATSSRAADEAFF,IVTDFSVIK,1
CASSIYSGGYNEQFF,GILGFVFTL,1
CASSFSGKLFSGANVLTF,GILGFVFTL,0
CSARGQSLYYSNQPQHF,GILGFVFTL,1
CASSYSTGNSPLHF,RPHERNGFTVL,1
CASSQDRTWETQYF,KLGGALQAK,1
CASSSPGEYEKLFF,NLVPMVATV,0
CASSLVGVNTEAFF,NLVPMVATV,1
CASSLTPSASGYEQYF,NLVPMVATV,0
CASSLSGGALNEQFF,TPRVTGGGAM,0
CASSSGQLTNTEAFF,LTDEMIAQY,0
CASINYGAGLNTEAFF,GTSGSPIVNR,0
CASSSRSPYEQYF,GILGFVFTL,1
CASSLGGDEQYF,NLFNRYPAL,1
CASSLRSTGELFF,LTDEMIAQY,0
CASSQGSKGINNEQFF,KLGGALQAK,0
CASSYGSYNEQFF,YLQPRTFLL,0
CASSSRGADGELFF,ELAGIGILTV,0
CASSPRETANSGANVLTF,VYFLQSINF,0
CASSFGGPQETQYF,RAKFKQLL,1
CSVRGSSYEQYF,AVFDRKSDAK,0
CASSLKISWTNEKLFF,KLGGALQAK,1
CASSRDHSYEQYF,NLFNRYPAL,0
CASSARLGQPQHF,LLFGYPVYV,1
CSVGTGEDGEQYF,KLGGALQAK,0
CSARDGENTGELFF,LPRRSGAAGA,1
CASSIESGSKQRNEQFF,KLGGALQAK,0
CASSYNSMNTEAFF,KLMNIQQQL,1
CSARVGYEQYF,FPRPWLHGL,0
CSARDVQGWNTEAFF,NLVPMVATV,1
CASSPTDRATDTQYF,AVFDRKSDAK,1
CASSYSVEAEAFF,NLVPMVATV,0
CASTITSGSSYNEQFF,GLCTLVAML,0
CASSQGSKGINNEQFF,ELAGIGILTV,1
CASSYYSGGGSAFF,NLVPMVATV,1
CASTSANTGELFF,ATDALMTGF,0
CASSLGPDNEQFF,GTSGSPIVNR,1
CASSLPSGPGSEAFF,KLGGALQAK,1
CASTSTGSGAKNIQYF,KRWIILGLNK,0
CASQGGEIGNNEQFF,AVFDRKSDAK,0
CASSETDSNYEQYF,NLVPMVATV,1
CASSFGLHDYTF,NLVPMVATV,0
CASSLSQGTILYEQYF,ISPRTLNAW,1
CASTSANTGELFF,KLGGALQAK,1
CASSQGGAWQADSYEQYF,LPRRSGAAGA,0
CASSTHTLAEQFF,ATDALMTGY,0
CASSQLGGISNQPQHF,KLGGALQAK,0
CASSFGWYEQFF,KLGGALQAK,1
CASSQVGLGRGSQYF,KLGGALQAK,0
CASKGVSTDTQYF,LLFGYPVYV,0
CASSFLAGGYNEQFF,GILGFVFTL,1
CASSSEQGLRNIQYF,YSEHPTFTSQY,0
CASSFSNEKLFF,MEVTPSGTWL,1
CASSQGTGVTEAFF,KLMNIQQKL,1
CASSPTDRATDTQYF,SIIAYTMSL,0
CASSLLPYNALVSGTDTQYF,TPRVTGGGAM,1
CASSLSGGALNEQFF,NLVPMVATV,1
CASSQDRSGGATDTQYF,KLGGALQAK,0
CASSYGSYNEQFF,AVFDRKSDAK,1
CASSNNRTGLFVYEKLFF,GILGFVFTL,0
CSAPGGRPQHF,CINGVCWTV,0
CASSLIAGAFTDTQYF,ATDALMTGF,0
CASSEGADTGELFF,GLCTLVAML,0
CAISEYGNAASPLHF,KRWIILGLNK,1
CASRRQRTDTEAFF,TPRVTGGGAM,1
CASSQEFLAVEQFF,KLGGALQAK,0
CASSHQMGGTGAATGGYTF,SMMILSDDA,1
CASSVDGSGVTYEQYF,LPRRSGAAGA,1
CSVESLDRGETQYF,NLVPMVATV,1
CASSLKISWTNEKLFF,NLVPMVATV,0
CASRRTSGGPNNEQFF,YLQPRTFLL,1
CASSFLAGGYNEQFF,LPRRSGAAGA,0
CSARVGESSYNEQFF,KLGGALQAK,0
CSVGTSAYEQFF,SMMILSDDA,0
CASSPLTAGGVF,NLVPMVATV,0
CASSQGGRGYNEQFF,KLGGALQAK,1
CSANLGNQPQHF,TTDPSFLGRY,0
CASSPRETANSGANVLTF,SPRWYFYYL,1
CASSQGRLSAEAFF,KLGGALQAK,0
CASSPTANTGELFF,KLGGALQAK,1
CSARVGYEQYF,NLVPMVATV,1
CASSQDTSGLYNEQFF,GILGFVFTL,0
CASSPQGYEQYF,LLWNGPMAV,1
CASSFGLHDYTF,GILGFVFTL,1
CASINYGAGLNTEAFF,KLGGALQAK,1
CASSQGRLSAEAFF,KRWIILGLNK,1
CASINRAANTGELFF,AVFDRKSDAK,0
CATSREGGETQYF,KLGGALQAK,0
CSVSRDRNTGELFF,YLQPRTFLL,1
CASSLDLGQGKTQYF,KLGGALQAK,1
CSARDFSGSTDTQYF,RLRAEAQVK,1
CSVGGTFYGYTF,GLCTLVAML,1
CASSLTESYEQYF,GPGHKARVL,0
CASSQDPGVLYEQYF,ATDALMTGF,1
CASSLVTGTGASYNEQFF,KLGGALQAK,1
CASSSLWEETQYF,KLMNIQQQL,0
CASSLSLSQGSFGYTF,YLQPRTFLL,1
CASQGGEIGNNEQFF,ATDALMTGY,1
CSVEGTRGYNEQFF,YLQPRTFLL,0
CSARGQSLYYSNQPQHF,AVFDRKSDAK,0
CASKVWGGLEPEAFF,KLGGALQAK,0
CASTLAGGTDTQYF,NLVPMVATV,1
CASSARLGQPQHF,CRVLCCYVL,0
CASSGGTNPGELFF,AVFDRKSDAK,1
CASSLNPILVEDTQYF,KLGGALQAK,1
CASSLWPDYGYTF,KLGGALQAK,1
CASSLVTGTGASYNEQFF,GILGFVFTL,0
CASSLEVSSNTGELFF,KLGGALQAK,0
CASRRQRTDTEAFF,GILGFVFTL,0
CASSYSTGNSPLHF,KLGGALQAK,0
CASSHQMGGTGAATGGYTF,FVLAAVYRI,0
CASSIAWQPQHF,KLGGALQAK,1
CASSLPGLASHEQFF,IVTDFSVIK,0
CASSLPGLASHEQFF,ELAGIGILTV,1
CASSPMGDNYNEQFF,KLGGALQAK,1
CSARGGGGPENTGELFF,IVTDFSVIK,0
CASSLGQGYYGYTF,HTDLMAAYV,1
CASSEWSGVGYEQYF,NLVPMVATV,0
CASSHRGSWKEQYF,TPRVTGGGAM,0
CSARVGESSYNEQFF,NLVPMVATV,1
CASSPQGYEQYF,KLGGALQAK,0
CASSLLQGARTEAFF,YTVSCLPFT,0
CASSEEISGSYEQYF,KLGGALQAK,1
CASSPVGWDTEAFF,KLGGALQAK,0
CASSLGVGGETQYF,LPRRSGAAGA,1
CASSTRGTVYGYTF,TPRVTGGGAM,1
CASSPVGWDTEAFF,LTDEMIAQY,1
CAISEYGNAASPLHF,KLGGALQAK,0
CASSEEISGSYEQYF,LPRRSGAAGA,0
CASSLTESYEQYF,ELAGIGILTV,1
CASSQDRSGGATDTQYF,VYFLQSINF,1
CASSRVDTQYF,RLRAEAQVK,0
CSARDFSGSTDTQYF,ELAGIGILTV,0
CASTITSGSSYNEQFF,KLGGALQAK,1
CASSMTSYNEQFF,ELAGIGILTV,1
CASTPWGGAGGELFF,TSAMQTMLF,0
CASSPPGTAAYEQYF,LPRRSGAAGA,1
CASSKENNNRPYEQYF,FLCMKALLL,0
CASSFSVEETANYGYTF,KLGGALQAK,1
CSAAFRGLTGHYEQYF,ELAGIGILTV,0
CASSLMRLQETQYF,KLGGALQAK,1
CASSSRSPYEQYF,LPRRSGAAGA,0
CASSQGRQRVSYGYTF,AVFDRKSDAK,1
CASSLWPDYGYTF,NLVPMVATV,0
CSATGGRHTGELFF,KLGGALQAK,0
CASKGVSTDTQYF,KLGGALQAK,1
CSARKVGLTVPTSGSFLAVDYEQYF,GLCTLVAML,0
CASSEEPSGGAYEQYF,NLVPMVATV,1
CASSLGGDSPLHF,KLGGALQAK,1
CASSLIAGAFTDTQYF,LPRRSGAAGA,1
CASSEWARGRGRYTGELFF,KLGGALQAK,1
CASSQDPRADYGYTF,RTLNAWVKV,0
CASSQLGGISNQPQHF,GILGFVFTL,1
CASSQDGPRGQETQYF,FRCPRRFCF,0
CASSSPGEYEKLFF,GPRLGVRAT,1
CASSSGQLTNTEAFF,GLCTLVAML,1
CASSFSRGLGTEAFF,KLGGALQAK,1
CATHRGGVNTEAFF,KLGGALQAK,1
CASSLGGYRAEAFF,KLGGALQAK,1
CSVAGASGNEQFF,KLGGALQAK,1
CASMDENTGELFF,GILGFVFTL,0
CASSQEATRFSQGYEQYF,TPRVTGGGAM,0
CASSLGPDNEQFF,IMNDMPIYM,0
CASSLSGGRDNEQFF,KLGGALQAK,1
CASSYGGNQPQHF,KLGGALQAK,1
CASSQDGGNTEAFF,LTDEMIAQY,0
CASSQAPISGNTIYF,CINGVCWTV,0
CASSNADTPLQETQYF,RAKFKQLL,0
CASSIYGSSYNEQFF,KLGGALQAK,0
CASSRDHSYEQYF,KLGGALQAK,1
CASSLRSGQDEQFF,KLGGALQAK,0
CASSIRSAGELFF,GILGFVFTL,1
CASSIAWQPQHF,NLVPMVATV,0
CASSLRSTGELFF,GLCTLVAML,1
CSARDRDRGYEQYF,LPRRSGAAGA,1
CASSLSQGTILYEQYF,KLGGALQAK,0
CASSHHSSGGLDTQYF,KLGGALQAK,1
CASSHTISGTSGTGELFF,HTDLMAAYV,0
CASSLVGVNTEAFF,KLGGALQAK,0
CASSQDGGNTEAFF,KLGGALQAK,1
CASSEGADTGELFF,LLLGIGILV,1
CAISEENIDTQYF,FLCMKALLL,1
CASSLGLEPSTDTQYF,KLGGALQAK,1
CATSREGGETQYF,FRCPRRFCF,1
CASSQDRTWETQYF,GILGFVFTL,0
CASSNNRTGLFVYEKLFF,KLGGALQAK,1
CASSTHTLAEQFF,GILGFVFTL,1
CASSQEFLAVEQFF,KRWIILGLNK,1
CASSMGGVGTEAFF,ISPRTLNAW,0
CSAEPGGISDSSYNEQFF,KLGGALQAK,1
CSARGGGGPENTGELFF,KLGGALQAK,1
CASTSPKTGVYNEQFF,KLGGALQAK,1
CASSSEQGLRNIQYF,KLGGALQAK,1
CSARDVQGWNTEAFF,KLGGALQAK,0
CASSLSLSQGSFGYTF,KLGGALQAK,0
CASSEVSYEQYF,SIIAYTMSL,1
CASSYGGNQPQHF,GLCTLVAML,0
CASSLGGDSPLHF,TPRVTGGGAM,0
CASSIPLAESTDTQYF,KLGGALQAK,1
CSANLGNQPQHF,NLVPMVATV,1
CSARGLADFVDTQYF,KLGGALQAK,0
CASSHDGLNTEAFF,TTDPSFLGRY,1
CASSPPGTAAYEQYF,KLGGALQAK,0
CASSWGTGGTDTQYF,KLGGALQAK,1
CASSQAPISGNTIYF,LPRRSGAAGA,1
CASRSSGIPNEQFF,KLGGALQAK,1
CASSFQGEADTQYF,LLWNGPMAV,0
CASSVDGSGVTYEQYF,NLVPMVATV,0
CASSLEGAKTEAFF,LPRRSGAAGA,1
CASSMTSYNEQFF,GPRLGVRAT,0
CASSLEGVPVEF,SPRWYFYYL,0
CASSLRSGQDEQFF,TTDPSFLGRY,1
CASSENTANTGELFF,ATDALMTGF,1
CSARDKAGEGYNEQFF,ELAGIGILTV,0
CAWVLGPAGDTQYF,IVTDFSVIK,1
CASSETGQLDEQFF,ATDALMTGF,1
CASSLEVSSNTGELFF,CINGVCWTV,1
CASSLGLEPSTDTQYF,LPRRSGAAGA,0
CASSVASGQGYEQYF,NLVPMVATV,1
