tcga_short	has_braf_v600e	has_ras_mut	mutation_group	v17_dark_cluster	driver_anchor_v17	mutation_genes	age	sex	os_event	os_days	stage	tert_pos	dm_status
TCGA-4C-A93U	True	False	BRAF_like		BRAF	['BRAF']	74.87474332648871	Female	0.0	129.0	Stage IVA	False	False
TCGA-BJ-A0YZ	False	False		DM2	unknown	[]	65.98767967145791	Male	0.0	754.0	Stage II	False	True
TCGA-BJ-A0Z0	False	False		DM2	unknown	[]	55.74537987679671	Male	0.0	419.0	Stage II	False	True
TCGA-BJ-A0Z2	False	True	RAS_like		RAS	['HRAS']	57.51676933607119	Male	0.0	1514.0	Stage IVC	True	False
TCGA-BJ-A0Z3	True	False	BRAF_like		BRAF	['BRAF']	33.661875427789184	Female	0.0	497.0	Stage I	False	False
TCGA-BJ-A0Z9	True	False	BRAF_like		BRAF	['BRAF']	57.661875427789184	Female	0.0	1257.0	Stage III	True	False
TCGA-BJ-A0ZA	False	False		DM2	unknown	[]	67.15400410677618	Female	0.0	574.0	Stage II	False	True
TCGA-BJ-A0ZB	True	False	BRAF_like		BRAF	['BRAF']	66.84462696783025	Male	0.0	122.0	Stage IVA	False	False
TCGA-BJ-A0ZC	False	False		DM2	unknown	[]	55.52908966461328	Male	0.0	352.0	Stage I	False	True
TCGA-BJ-A0ZE	False	True	RAS_like		RAS	['KRAS']	63.65503080082136	Female	0.0	509.0	Stage III	False	False
TCGA-BJ-A0ZF	False	False		DM2	unknown	[]	56.709103353867214	Female	0.0	1217.0		False	True
TCGA-BJ-A0ZH	True	False	BRAF_like		BRAF	['BRAF']	52.33127994524298	Female	0.0	460.0	Stage IVA	False	False
TCGA-BJ-A18Y	False	True	RAS_like		RAS	['HRAS']	29.65639972621492	Male	0.0	1563.0	Stage I	False	False
TCGA-BJ-A18Z	True	False	BRAF_like		BRAF	['BRAF']	58.91581108829569	Male	0.0	1263.0	Stage IVA	False	False
TCGA-BJ-A191	False	False		DM2	unknown	[]	49.724845995893226	Female	0.0	147.0	Stage I	False	True
TCGA-BJ-A192	False	False		DM2	unknown	[]	54.42299794661191	Female	0.0	1349.0	Stage III	False	True
TCGA-BJ-A28R	True	False	BRAF_like		BRAF	['BRAF']	38.450376454483234	Female	0.0	1282.0	Stage I	False	False
TCGA-BJ-A28S	False	False		DM2	unknown	[]	79.78918548939083	Male	0.0	640.0	Stage II	False	True
TCGA-BJ-A28T	False	False		DM1	unknown	[]	34.76522929500342	Female	0.0	1081.0	Stage I	False	True
TCGA-BJ-A28V	False	False		DM2	unknown	[]	80.78850102669405	Female	0.0	987.0	Stage III	False	True
TCGA-BJ-A28X	True	False	BRAF_like		BRAF	['BRAF']	32.12867898699521	Female	0.0	942.0	Stage I	False	False
TCGA-BJ-A28Z	False	False		DM1	unknown	[]	46.3025325119781	Female	0.0	337.0	Stage III	False	True
TCGA-BJ-A290	True	False	BRAF_like		BRAF	['BRAF']	71.54551676933607	Male	0.0	919.0		False	False
TCGA-BJ-A2N7	False	True	RAS_like		RAS	['NRAS']	30.63107460643395	Female	0.0	559.0	Stage I	False	False
TCGA-BJ-A2N8	False	True	RAS_like		RAS	['NRAS']	30.18206707734429	Female	0.0	504.0	Stage I	False	False
TCGA-BJ-A2N9	False	False		DM2	unknown	[]	42.19301848049281	Female	0.0	623.0	Stage I	False	True
TCGA-BJ-A2NA	True	False	BRAF_like		BRAF	['BRAF']	77.06228610540725	Male	0.0	577.0	Stage III	False	False
TCGA-BJ-A2P4	False	True	RAS_like		RAS	['HRAS']	29.026694045174537	Female	0.0	390.0	Stage I	False	False
TCGA-BJ-A3EZ	True	False	BRAF_like		BRAF	['BRAF', 'PIK3CA']	51.696098562628336	Male	0.0	487.0	Stage IVA	True	False
TCGA-BJ-A3F0	False	False		DM2	unknown	[]	64.46269678302532	Female	0.0	424.0	Stage I	False	True
TCGA-BJ-A3PR	False	False		DM1	unknown	[]	69.99315537303217	Female	0.0	1107.0	Stage I	False	True
TCGA-BJ-A3PT	False	True	RAS_like		RAS	['CHEK2', 'NRAS']	51.75359342915811	Female	0.0	709.0	Stage III	False	False
TCGA-BJ-A3PU	True	False	BRAF_like		BRAF	['BRAF']	52.64339493497605	Male	0.0	567.0		False	False
TCGA-BJ-A45D	False	True	RAS_like		RAS	['HRAS']	36.50924024640657	Male	0.0	331.0	Stage I	False	False
TCGA-BJ-A45E	False	False		DM1	unknown	[]	46.85831622176591	Female	0.0	639.0	Stage I	False	True
TCGA-BJ-A45F	False	True	RAS_like		RAS	['NRAS']	59.44695414099932	Female	0.0	105.0	Stage I	False	False
TCGA-BJ-A45G	False	True	RAS_like		RAS	['NRAS']	48.818617385352496	Female	0.0	725.0	Stage III	False	False
TCGA-BJ-A45H	True	False	BRAF_like		BRAF	['BRAF']	45.28678986995209	Male	0.0	865.0	Stage III	False	False
TCGA-BJ-A45I	True	False	BRAF_like		BRAF	['BRAF']	51.38124572210815	Female	0.0	470.0	Stage III	False	False
TCGA-BJ-A45J	True	False	BRAF_like		BRAF	['BRAF']	39.72621492128679	Female	0.0	658.0	Stage I	False	False
TCGA-BJ-A45K	False	False		DM2	unknown	[]	33.23203285420944	Male	0.0	705.0	Stage I	False	True
TCGA-BJ-A4O8	True	False	BRAF_like		BRAF	['BRAF']	47.72073921971253	Male	0.0	591.0	Stage III	False	False
TCGA-BJ-A4O9	True	False	BRAF_like		BRAF	['AKT1', 'BRAF']	51.84941820670773	Female	0.0	714.0	Stage II	False	False
TCGA-CE-A13K	False	False		DM1	unknown	[]	30.45037645448323	Female	0.0	385.0	Stage I	False	True
TCGA-CE-A27D	False	False		DM1	unknown	[]	28.84599589322382	Female	0.0	374.0	Stage I	False	True
TCGA-CE-A3MD	False	False		DM1	unknown	[]	31.208761122518823	Male	0.0	389.0	Stage I	False	True
TCGA-CE-A3ME	True	False	BRAF_like		BRAF	['BRAF']	51.23613963039014	Female	0.0	379.0	Stage II	False	False
TCGA-CE-A481	False	False		DM1	unknown	[]	41.80150581793292	Female	0.0	346.0	Stage I	False	True
TCGA-CE-A482	False	False		DM1	unknown	[]	27.904175222450377	Female	0.0	325.0	Stage I	False	True
TCGA-CE-A484	False	False		DM1	unknown	['CHEK2']	37.82340862422998	Female	0.0	378.0	Stage I	True	True
TCGA-DE-A0XZ	True	False	BRAF_like		BRAF	['BRAF']	66.32169746748802	Female	0.0	1090.0		False	False
TCGA-DE-A0Y2	False	False		DM1	unknown	[]	30.7378507871321	Female	0.0	658.0	Stage I	False	True
TCGA-DE-A0Y3	True	False	BRAF_like		BRAF	['BRAF']	60.969199178644764	Female	0.0	1526.0		False	False
TCGA-DE-A2OL	False	False		DM2	unknown	[]	44.498288843258045	Female	0.0	1145.0	Stage I	False	True
TCGA-DE-A3KN	False	False		DM1	unknown	[]	49.549623545516766	Female	0.0	831.0	Stage IVA	False	True
TCGA-DE-A4M8	False	False		DM1	unknown	[]	61.21013004791239	Female	0.0	564.0	Stage III	False	True
TCGA-DE-A4M9	False	False		DM2	unknown	[]	28.42984257357974	Male	0.0	573.0	Stage I	False	True
TCGA-DE-A4MB	True	False	BRAF_like		BRAF	['AKT1', 'BRAF']	79.42778918548939	Female	0.0	352.0	Stage IVA	False	False
TCGA-DE-A4MD	True	False	BRAF_like		BRAF	['BRAF']	71.67419575633129	Male	0.0	764.0	Stage IVA	False	False
TCGA-DE-A4MD	True	False	BRAF_like		BRAF	['BRAF']	71.67419575633129	Male	0.0	764.0	Stage IVA	False	False
TCGA-DE-A4MD	True	False	BRAF_like		BRAF	['BRAF']	71.67419575633129	Male	0.0	764.0	Stage IVA	False	False
TCGA-DE-A4MD	True	False	BRAF_like		BRAF	['BRAF']	71.67419575633129	Male	0.0	764.0	Stage IVA	False	False
TCGA-DE-A69J	True	False	BRAF_like		BRAF	['BRAF']	34.20396988364134	Female	0.0	447.0	Stage I	False	False
TCGA-DE-A69K	False	False		DM1	unknown	[]	58.59822039698837	Female	0.0	434.0	Stage III	False	True
TCGA-DE-A7U5	True	False	BRAF_like		BRAF	['BRAF']	36.71731690622861	Female	0.0	84.0	Stage I	False	False
TCGA-DJ-A13L	True	False	BRAF_like		BRAF	['BRAF']	85.64818617385353	Male	0.0	303.0		False	False
TCGA-DJ-A13M	False	True	RAS_like		RAS	['HRAS']	28.829568788501028	Female	0.0	1484.0	Stage I	False	False
TCGA-DJ-A13O	True	False	BRAF_like		BRAF	['BRAF']	56.889801505817935	Male	0.0	1161.0	Stage I	False	False
TCGA-DJ-A13P	True	False	BRAF_like		BRAF	['BRAF']	52.83230663928816	Female	0.0	5150.0	Stage II	False	False
TCGA-DJ-A13R	False	False		DM1	unknown	[]	50.25051334702259	Male	0.0	565.0	Stage III	False	True
TCGA-DJ-A13T	True	False	BRAF_like		BRAF	['BRAF']	37.42094455852156	Female	0.0	1709.0	Stage I	False	False
TCGA-DJ-A13V	True	False	BRAF_like		BRAF	['BRAF']	21.67008898015058	Female	0.0	1313.0	Stage I	False	False
TCGA-DJ-A13W	False	False		DM1	unknown	[]	45.333333333333336	Female	0.0	1593.0	Stage I	False	True
TCGA-DJ-A13X	True	False	BRAF_like		BRAF	['BRAF']	51.16769336071184	Female	0.0	253.0	Stage III	False	False
TCGA-DJ-A1QD	True	False	BRAF_like		BRAF	['BRAF']	20.424366872005475	Female	0.0	1462.0	Stage I	False	False
TCGA-DJ-A1QE	True	False	BRAF_like		BRAF	['BRAF']	61.99863107460644	Female	0.0	4134.0	Stage III	False	False
TCGA-DJ-A1QF	True	False	BRAF_like		BRAF	['BRAF']	61.08145106091718	Female	0.0	931.0	Stage II	False	False
TCGA-DJ-A1QG	False	True	RAS_like		RAS	['CHEK2', 'NRAS']	62.5845311430527	Male	0.0	1368.0	Stage I	False	False
TCGA-DJ-A1QH	True	False	BRAF_like		BRAF	['BRAF']	57.99863107460644	Female	0.0	1293.0	Stage III	False	False
TCGA-DJ-A1QI	True	False	BRAF_like		BRAF	['BRAF']	63.16769336071184	Female	0.0	455.0	Stage II	True	False
TCGA-DJ-A1QL	False	False		DM2	DICER1_EIF1AX_PPM1D	['PPM1D']	70.39835728952772	Male	0.0	535.0	Stage II	False	True
TCGA-DJ-A1QM	True	False	BRAF_like		BRAF	['BRAF']	42.21218343600274	Male	0.0	183.0	Stage I	False	False
TCGA-DJ-A1QN	True	False	BRAF_like		BRAF	['BRAF']	42.00684462696783	Female	0.0	1295.0	Stage I	False	False
TCGA-DJ-A1QO	True	False	BRAF_like		BRAF	['BRAF']	69.08145106091717	Male	0.0	1442.0	Stage III	True	False
TCGA-DJ-A1QQ	True	False	BRAF_like		BRAF	['BRAF']	43.66598220396988	Male	0.0	534.0	Stage I	False	False
TCGA-DJ-A2PN	True	False	BRAF_like		BRAF	['BRAF']	70.33538672142369	Female	0.0	307.0	Stage I	False	False
TCGA-DJ-A2PO	False	False		DM1	unknown	[]	54.91581108829569	Male	0.0	243.0	Stage I	False	True
TCGA-DJ-A2PP	False	True	RAS_like		RAS	['NRAS']	47.66598220396988	Male	0.0	930.0	Stage II	False	False
TCGA-DJ-A2PQ	True	False	BRAF_like		BRAF	['BRAF']	26.458590006844627	Male	0.0	1077.0	Stage I	False	False
TCGA-DJ-A2PR	True	False	BRAF_like		BRAF	['BRAF']		Male	0.0	835.0		False	False
TCGA-DJ-A2PS	True	False	BRAF_like		BRAF	['BRAF']	40.837782340862425	Female	0.0	797.0	Stage I	False	False
TCGA-DJ-A2PT	True	False	BRAF_like		BRAF	['BRAF']	70.7378507871321	Female	0.0	1181.0	Stage III	False	False
TCGA-DJ-A2PU	True	False	BRAF_like		BRAF	['BRAF']	52.01368925393566	Female	0.0	1033.0	Stage II	False	False
TCGA-DJ-A2PV	True	False	BRAF_like		BRAF	['BRAF']	53.51676933607119	Female	0.0	973.0	Stage II	False	False
TCGA-DJ-A2PW	True	False	BRAF_like		BRAF	['BRAF', 'PPM1D']	65.67282683093771	Male	0.0	1060.0	Stage III	False	False
TCGA-DJ-A2PX	False	False		DM1	unknown	[]	54.99794661190965	Female	0.0	881.0	Stage I	False	True
TCGA-DJ-A2PY	True	False	BRAF_like		BRAF	['BRAF']	46.69678302532512	Female	0.0	267.0	Stage III	False	False
TCGA-DJ-A2PZ	True	False	BRAF_like		BRAF	['BRAF']	63.879534565366185	Male	0.0	256.0	Stage III	False	False
TCGA-DJ-A2Q0	False	False		DM2	unknown	[]	57.42094455852156	Female	0.0	1045.0	Stage II	False	True
TCGA-DJ-A2Q1	False	False		DM1	unknown	[]	44.82135523613963	Female	0.0	1148.0	Stage I	False	True
TCGA-DJ-A2Q3	True	False	BRAF_like		BRAF	['BRAF']	63.03080082135524	Female	0.0	1224.0		False	False
TCGA-DJ-A2Q4	True	False	BRAF_like		BRAF	['BRAF']	53.90554414784394	Male	0.0	1032.0	Stage III	False	False
TCGA-DJ-A2Q5	True	False	BRAF_like		BRAF	['BRAF']	51.27173169062286	Male	0.0	1140.0	Stage IVA	False	False
TCGA-DJ-A2Q6	True	False	BRAF_like		BRAF	['BRAF']	38.85831622176591	Female	0.0	1109.0	Stage I	False	False
TCGA-DJ-A2Q7	True	False	BRAF_like		BRAF	['BRAF']	52.54757015742642	Female	0.0	1068.0	Stage III	False	False
TCGA-DJ-A2Q9	False	False		DM1	unknown	[]	65.57426420260096	Female	0.0	1092.0	Stage III	False	True
TCGA-DJ-A2QA	True	False	BRAF_like		BRAF	['BRAF']	56.9034907597536	Female	0.0	1020.0	Stage III	False	False
TCGA-DJ-A2QB	False	True	RAS_like		RAS	['HRAS']	53.66461327857632	Female	0.0	1070.0	Stage IVA	False	False
TCGA-DJ-A2QC	True	False	BRAF_like		BRAF	['BRAF']	70.33538672142369	Female	0.0	1215.0	Stage II	True	False
TCGA-DJ-A3UK	True	False	BRAF_like		BRAF	['BRAF']	35.98904859685147	Female	0.0	1123.0	Stage I	False	False
TCGA-DJ-A3UM	True	False	BRAF_like		BRAF	['BRAF']	45.37440109514032	Female	0.0	944.0	Stage I	False	False
TCGA-DJ-A3UN	True	False	BRAF_like		BRAF	['BRAF']	51.66598220396988	Female	0.0	986.0	Stage I	False	False
TCGA-DJ-A3UO	True	False	BRAF_like		BRAF	['BRAF']	63.7700205338809	Male	0.0	957.0	Stage IVA	False	False
TCGA-DJ-A3UP	False	True	RAS_like		RAS	['NRAS']	38.053388090349074	Female	0.0	499.0	Stage I	False	False
TCGA-DJ-A3UQ	True	False	BRAF_like		BRAF	['BRAF']	45.29774127310061	Female	0.0	595.0	Stage III	False	False
TCGA-DJ-A3UR	True	False	BRAF_like		BRAF	['BRAF']	51.493497604380565	Female	0.0	1105.0	Stage III	False	False
TCGA-DJ-A3US	False	False		DM1	unknown	[]	37.327857631759066	Female	0.0	998.0	Stage I	False	True
TCGA-DJ-A3UT	False	True	RAS_like		RAS	['NRAS']	43.16769336071184	Female	0.0	1105.0	Stage I	False	False
TCGA-DJ-A3UU	True	False	BRAF_like		BRAF	['BRAF']		Female	0.0	713.0		False	False
TCGA-DJ-A3UV	False	False		DM1	unknown	[]	12.80766598220397	Female	0.0	1466.0	Stage I	False	True
TCGA-DJ-A3UW	True	False	BRAF_like		BRAF	['BRAF']	50.614647501711154	Female	0.0	1812.0	Stage I	True	False
TCGA-DJ-A3UX	True	False	BRAF_like		BRAF	['BRAF']	46.8829568788501	Female	0.0	345.0	Stage I	False	False
TCGA-DJ-A3UY	True	False	BRAF_like		BRAF	['BRAF']	32.865160848733744	Female	0.0	1091.0	Stage I	False	False
TCGA-DJ-A3V0	True	False	BRAF_like		BRAF	['BRAF']	56.114989733059545	Male	0.0	1125.0	Stage IVA	False	False
TCGA-DJ-A3V2	True	False	BRAF_like		BRAF	['BRAF']	44.851471594798085	Female	0.0	615.0	Stage I	False	False
TCGA-DJ-A3V3	False	False		DM1	unknown	[]	57.48665297741273	Female	0.0	931.0	Stage II	False	True
TCGA-DJ-A3V4	True	False	BRAF_like		BRAF	['BRAF']	54.220396988364136	Female	0.0	1294.0		False	False
TCGA-DJ-A3V5	True	False	BRAF_like		BRAF	['BRAF']	76.435318275154	Female	0.0	584.0	Stage III	False	False
TCGA-DJ-A3V6	True	False	BRAF_like		BRAF	['BRAF']	49.06776180698152	Male	0.0	818.0	Stage II	False	False
TCGA-DJ-A3V7	True	False	BRAF_like		BRAF	['BRAF']	44.50924024640657	Female	0.0	706.0	Stage III	False	False
TCGA-DJ-A3V8	True	False	BRAF_like		BRAF	['BRAF']	28.468172484599588	Female	0.0	647.0	Stage I	False	False
TCGA-DJ-A3V9	True	False	BRAF_like		BRAF	['BRAF']	50.37371663244353	Female	0.0	623.0	Stage IVA	False	False
TCGA-DJ-A3VA	True	False	BRAF_like		BRAF	['BRAF']	39.68514715947981	Female	0.0	755.0	Stage I	False	False
TCGA-DJ-A3VB	True	False	BRAF_like		BRAF	['BRAF']	52.69815195071869	Male	0.0	697.0	Stage III	False	False
TCGA-DJ-A3VD	True	False	BRAF_like		BRAF	['BRAF']	32.90622861054072	Female	0.0	1238.0	Stage I	False	False
TCGA-DJ-A3VE	True	False	BRAF_like		BRAF	['BRAF']	50.42299794661191	Male	0.0	577.0	Stage I	False	False
TCGA-DJ-A3VF	True	False	BRAF_like		BRAF	['BRAF']	60.87337440109514	Female	0.0	292.0	Stage IVA	False	False
TCGA-DJ-A3VG	False	True	RAS_like		RAS	['NRAS']	40.98562628336756	Male	0.0	1085.0	Stage I	False	False
TCGA-DJ-A3VI	True	False	BRAF_like		BRAF	['BRAF', 'RET']	52.16427104722793	Female	0.0	95.0	Stage III	False	False
TCGA-DJ-A3VJ	True	False	BRAF_like		BRAF	['AKT1', 'BRAF']	22.83641341546885	Male	0.0	1108.0	Stage I	False	False
TCGA-DJ-A3VK	False	False		DM1	unknown	[]		Male	0.0	753.0		False	True
TCGA-DJ-A3VL	False	False		DM1	BRAF	['BRAF']	38.92950034223135	Male	0.0	713.0	Stage I	False	True
TCGA-DJ-A3VM	False	False		DM2	unknown	[]	68.1615331964408	Female	0.0	840.0	Stage II	True	True
TCGA-DJ-A4UL	True	False	BRAF_like		BRAF	['BRAF']	68.27926078028747	Female	0.0	939.0	Stage I	False	False
TCGA-DJ-A4UP	False	False		DM1	unknown	[]	15.482546201232031	Female	0.0	916.0	Stage I	False	True
TCGA-DJ-A4UQ	False	False		DM1	unknown	[]	60.498288843258045	Male	0.0	1005.0	Stage IVA	False	True
TCGA-DJ-A4UR	False	True	RAS_like		RAS	['NRAS']	36.85968514715948	Female	0.0	1058.0	Stage II	False	False
TCGA-DJ-A4UT	False	False		DM1	unknown	[]	32.342231348391515	Female	0.0	823.0	Stage I	False	True
TCGA-DJ-A4UW	True	False	BRAF_like		BRAF	['BRAF']	34.39561943874059	Female	0.0	819.0	Stage I	False	False
TCGA-DJ-A4V0	False	False		DM1	unknown	[]	36.05201916495551	Female	0.0	1081.0	Stage I	False	True
TCGA-DJ-A4V2	True	False	BRAF_like		BRAF	['BRAF']	38.67488021902806	Female	0.0	95.0	Stage I	False	False
TCGA-DJ-A4V4	True	False	BRAF_like		BRAF	['BRAF']	48.94729637234771	Female	0.0	481.0	Stage I	False	False
TCGA-DJ-A4V5	False	False		DM1	unknown	[]	55.05270362765229	Male	0.0	1076.0	Stage IVA	False	True
TCGA-DO-A1JZ	False	False		DM1	unknown	[]	23.4113620807666	Female	0.0	1670.0	Stage I	False	True
TCGA-DO-A1K0	True	False	BRAF_like		BRAF	['BRAF']	30.70773442847365	Female	0.0	655.0	Stage I	False	False
TCGA-DO-A2HM	False	False		DM1	unknown	[]	49.46748802190281	Male	0.0	71.0	Stage IVA	False	True
TCGA-E3-A3DY	True	False	BRAF_like		BRAF	['BRAF']	37.946611909650926	Male	0.0	2815.0	Stage I	False	False
TCGA-E3-A3DZ	False	True	RAS_like		RAS	['HRAS']	55.44421629021218	Female	0.0	1436.0	Stage III	False	False
TCGA-E3-A3E0	False	False		DM1	unknown	[]	34.620123203285424	Female	0.0	2019.0	Stage I	False	True
TCGA-E3-A3E1	True	False	BRAF_like		BRAF	['BRAF']	46.25598904859685	Female	0.0	2449.0	Stage I	False	False
TCGA-E3-A3E2	True	False	BRAF_like		BRAF	['BRAF']	34.809034907597535	Female	0.0	1922.0	Stage I	False	False
TCGA-E3-A3E3	True	False	BRAF_like		BRAF	['BRAF']	50.8829568788501	Female	0.0	1595.0		False	False
TCGA-E3-A3E5	True	False	BRAF_like		BRAF	['BRAF']	57.4757015742642	Male	0.0	1215.0	Stage IVA	False	False
TCGA-E8-A242	True	False	BRAF_like		BRAF	['BRAF']	56.049281314168375	Female	0.0	950.0	Stage III	False	False
TCGA-E8-A2EA	True	False	BRAF_like		BRAF	['BRAF']	52.45448323066393	Female	0.0	1085.0	Stage I	False	False
TCGA-E8-A2JQ	True	False	BRAF_like		BRAF	['BRAF']	18.299794661190965	Female	0.0	356.0	Stage I	False	False
TCGA-E8-A3X7	True	False	BRAF_like		BRAF	['BRAF']	57.44832306639288	Female	0.0	951.0	Stage IVA	False	False
TCGA-E8-A413	True	False	BRAF_like		BRAF	['BRAF']	38.0807665982204	Female	0.0	912.0	Stage I	False	False
TCGA-E8-A414	True	False	BRAF_like		BRAF	['BRAF']	45.869952087611225	Female	0.0	958.0	Stage III	False	False
TCGA-E8-A415	True	False	BRAF_like		BRAF	['BRAF']	39.11841204654346	Female	0.0	944.0	Stage I	False	False
TCGA-E8-A417	True	False	BRAF_like		BRAF	['BRAF']	38.38193018480493	Female	0.0	938.0	Stage I	False	False
TCGA-E8-A418	True	False	BRAF_like		BRAF	['AKT1', 'BRAF', 'PPM1D']	75.93976728268309	Female	0.0	92.0	Stage IVA	True	False
TCGA-E8-A419	True	False	BRAF_like		BRAF	['BRAF']	30.954140999315538	Female	0.0	774.0	Stage I	False	False
TCGA-E8-A432	False	False		DM1	unknown	[]	59.1211498973306	Female	0.0	931.0		False	True
TCGA-E8-A433	True	False	BRAF_like		BRAF	['BRAF']	25.037645448323065	Female	0.0	951.0	Stage I	False	False
TCGA-E8-A434	True	False	BRAF_like		BRAF	['BRAF']	56.10403832991102	Female	0.0	953.0	Stage I	False	False
TCGA-E8-A436	True	False	BRAF_like		BRAF	['BRAF']	53.77138945927447	Female	0.0	455.0	Stage IVA	False	False
TCGA-E8-A437	True	False	BRAF_like		BRAF	['BRAF']	57.69472963723477	Female	0.0	1213.0	Stage I	False	False
TCGA-E8-A438	False	False		DM1	unknown	[]	23.96167008898015	Female	0.0	1019.0	Stage I	False	True
TCGA-E8-A44K	True	False	BRAF_like		BRAF	['BRAF']	50.573579739904176	Female	0.0	943.0	Stage I	False	False
TCGA-E8-A44M	False	False		DM1	unknown	[]	23.3347022587269	Female	0.0	917.0	Stage I	False	True
TCGA-EL-A3CL	True	False	BRAF_like		BRAF	['BRAF']	70.52977412731006	Female	1.0	963.0	Stage II	False	False
TCGA-EL-A3CM	True	False	BRAF_like		BRAF	['BRAF']	64.08213552361396	Female	1.0	813.0	Stage III	False	False
TCGA-EL-A3CN	True	False	BRAF_like		BRAF	['BRAF']	47.79192334017796	Female	0.0	4731.0	Stage II	False	False
TCGA-EL-A3CO	False	False		DM1	DICER1_EIF1AX_PPM1D	['EIF1AX']	88.01095140314852	Male	1.0	726.0	Stage III	False	True
TCGA-EL-A3CP	True	False	BRAF_like		BRAF	['BRAF']	50.09719370294319	Female	0.0	4831.0		False	False
TCGA-EL-A3CR	True	False	BRAF_like		BRAF	['BRAF', 'PIK3CA']	78.3709787816564	Female	1.0	233.0		True	False
TCGA-EL-A3CS	False	False		DM1	unknown	[]	62.95140314852841	Female	1.0	1385.0	Stage IVA	True	True
TCGA-EL-A3CT	True	False	BRAF_like		BRAF	['ATM', 'BRAF']	78.2943189596167	Female	1.0	1854.0	Stage IVA	False	False
TCGA-EL-A3CU	True	False	BRAF_like		BRAF	['BRAF']	70.85831622176592	Female	0.0	4780.0	Stage III	True	False
TCGA-EL-A3CV	True	False	BRAF_like		BRAF	['BRAF']	40.47912388774812	Male	0.0	1154.0	Stage I	False	False
TCGA-EL-A3CW	False	False		DM1	unknown	[]	87.43052703627653	Female	1.0	938.0	Stage III	False	True
TCGA-EL-A3CX	False	False		DM1	unknown	[]	22.84462696783025	Female	0.0	3243.0	Stage I	False	True
TCGA-EL-A3CY	False	False		DM1	unknown	[]		Male	0.0	127.0		False	True
TCGA-EL-A3CZ	False	True	RAS_like		RAS	['HRAS']	41.46201232032854	Female	0.0	2418.0		False	False
TCGA-EL-A3D0	True	False	BRAF_like		BRAF	['BRAF']		Male	0.0	4254.0		False	False
TCGA-EL-A3D1	True	False	BRAF_like		BRAF	['BRAF']	39.00068446269678	Male	0.0	2997.0	Stage I	False	False
TCGA-EL-A3D4	False	False		DM1	unknown	[]	62.75975359342916	Male	0.0	2116.0	Stage IVA	False	True
TCGA-EL-A3D5	False	False		DM2	DICER1_EIF1AX_PPM1D	['DICER1', 'TP53']	28.62696783025325	Female	0.0	1737.0		False	True
TCGA-EL-A3D6	True	False	BRAF_like		BRAF	['BRAF', 'TP53']	51.03353867214237	Female	0.0	3296.0	Stage III	False	False
TCGA-EL-A3GO	False	False		DM2	DICER1_EIF1AX_PPM1D	['DICER1']	31.770020533880903	Female	0.0	1973.0	Stage I	False	True
TCGA-EL-A3GP	True	False	BRAF_like		BRAF	['BRAF']	70.35181382614647	Male	0.0	1506.0	Stage III	True	False
TCGA-EL-A3GQ	True	False	BRAF_like		BRAF	['BRAF']		Female	0.0	1528.0		True	False
TCGA-EL-A3GR	True	False	BRAF_like		BRAF	['BRAF']	31.753593429158112	Female	0.0	3501.0	Stage I	False	False
TCGA-EL-A3GS	True	False	BRAF_like		BRAF	['BRAF']	37.07597535934291	Female	0.0	1989.0	Stage I	False	False
TCGA-EL-A3GU	True	False	BRAF_like		BRAF	['BRAF']	72.91444216290212	Female	0.0	4137.0	Stage III	True	False
TCGA-EL-A3GV	True	False	BRAF_like		BRAF	['BRAF']	65.12525667351129	Female	0.0	1532.0	Stage III	False	False
TCGA-EL-A3GW	False	True	RAS_like		RAS	['NRAS']	37.426420260095824	Female	0.0	1527.0	Stage I	False	False
TCGA-EL-A3GX	True	False	BRAF_like		BRAF	['BRAF']	42.85010266940452	Female	0.0	4494.0		False	False
TCGA-EL-A3GY	True	False	BRAF_like		BRAF	['BRAF']	40.55852156057495	Female	0.0	3076.0	Stage II	False	False
TCGA-EL-A3GZ	True	False	BRAF_like		BRAF	['BRAF']	34.67488021902806	Female	0.0	4258.0	Stage I	False	False
TCGA-EL-A3H1	False	False		DM2	unknown	[]	66.60643394934976	Female	1.0	1500.0	Stage I	False	True
TCGA-EL-A3H2	False	False		DM2	unknown	[]		Male	1.0	1019.0		False	True
TCGA-EL-A3H4	True	False	BRAF_like		BRAF	['BRAF']	46.390143737166326	Female	0.0	1512.0	Stage IVA	False	False
TCGA-EL-A3H5	True	False	BRAF_like		BRAF	['BRAF']	57.29226557152635	Female	0.0	2542.0	Stage IVA	True	False
TCGA-EL-A3H7	True	False	BRAF_like		BRAF	['BRAF']	36.70636550308008	Female	0.0	4228.0	Stage I	False	False
TCGA-EL-A3H8	True	False	BRAF_like		BRAF	['BRAF']	34.97604380561259	Female	0.0	4577.0		False	False
TCGA-EL-A3MW	True	False	BRAF_like		BRAF	['BRAF']	55.2662559890486	Female	0.0	3305.0	Stage II	False	False
TCGA-EL-A3MX	True	False	BRAF_like		BRAF	['BRAF']		Female	1.0	1753.0		True	False
TCGA-EL-A3MY	True	False	BRAF_like		BRAF	['BRAF']	81.3305954825462	Male	1.0	533.0	Stage IVC	True	False
TCGA-EL-A3MZ	True	False	BRAF_like		BRAF	['BRAF', 'TERT']	66.27789185489391	Male	1.0	1597.0	Stage III	True	False
TCGA-EL-A3N2	True	False	BRAF_like		BRAF	['BRAF']	24.61054072553046	Female	0.0	902.0	Stage I	False	False
TCGA-EL-A3N3	True	False	BRAF_like		BRAF	['BRAF']	51.46611909650924	Female	0.0	5423.0		False	False
TCGA-EL-A3T1	True	False	BRAF_like		BRAF	['BRAF', 'TERT']	38.39835728952772	Female	0.0	3941.0	Stage I	False	False
TCGA-EL-A3T3	True	False	BRAF_like		BRAF	['BRAF']	63.08829568788501	Male	0.0	4017.0	Stage II	False	False
TCGA-EL-A3T7	True	False	BRAF_like		BRAF	['BRAF']	47.370294318959616	Female	0.0	1256.0	Stage II	False	False
TCGA-EL-A3T8	True	False	BRAF_like		BRAF	['BRAF']	36.38603696098563	Male	0.0	3269.0	Stage I	False	False
TCGA-EL-A3T9	False	False		DM1	NTRK_fusion	['NTRK3']	69.77138945927447	Female	1.0	174.0	Stage IV	True	True
TCGA-EL-A3TA	True	False	BRAF_like		BRAF	['BRAF']	42.06981519507187	Male	0.0	2035.0	Stage I	False	False
TCGA-EL-A3ZG	True	False	BRAF_like		BRAF	['BRAF']	15.364818617385351	Male	0.0	2724.0	Stage I	False	False
TCGA-EL-A3ZH	False	True	RAS_like		RAS	['NRAS']	42.94318959616701	Female	0.0	2773.0	Stage I	False	False
TCGA-EL-A3ZL	True	False	BRAF_like		BRAF	['BRAF']	34.63107460643395	Female	0.0	1895.0	Stage I	False	False
TCGA-EL-A3ZO	True	False	BRAF_like		BRAF	['BRAF']	79.1895961670089	Female	0.0	2211.0	Stage III	False	False
TCGA-EL-A3ZP	False	False		DM1	unknown	[]	19.44147843942505	Male	0.0	1992.0	Stage I	False	True
TCGA-EL-A3ZQ	True	False	BRAF_like		BRAF	['BRAF']	78.80355920602327	Female	0.0	1862.0	Stage II	False	False
TCGA-EL-A3ZT	True	False	BRAF_like		BRAF	['BRAF']	35.87405886379192	Male	0.0	1808.0	Stage I	False	False
TCGA-EL-A4JV	False	True	RAS_like		RAS	['HRAS']	41.24572210814511	Female	0.0	1748.0	Stage I	False	False
TCGA-EL-A4JW	True	False	BRAF_like		BRAF	['BRAF']	38.13278576317591	Female	0.0	1056.0	Stage I	False	False
TCGA-EL-A4JX	True	False	BRAF_like		BRAF	['BRAF']	31.38945927446954	Female	0.0	1398.0	Stage I	False	False
TCGA-EL-A4JZ	True	False	BRAF_like		BRAF	['BRAF']	55.55099247091034	Female	0.0	1856.0	Stage III	True	False
TCGA-EL-A4K0	True	False	BRAF_like		BRAF	['BRAF']	54.87200547570158	Female	0.0	944.0	Stage I	False	False
TCGA-EL-A4K1	True	False	BRAF_like		BRAF	['BRAF']	68.02464065708419	Female	0.0	1046.0	Stage III	False	False
TCGA-EL-A4K2	False	True	RAS_like		RAS	['NRAS']	43.7015742642026	Female	0.0	928.0	Stage I	False	False
TCGA-EL-A4K4	True	False	BRAF_like		BRAF	['BRAF']		Female	0.0	1623.0		False	False
TCGA-EL-A4K6	False	True	RAS_like		RAS	['NRAS']	77.45379876796714	Male	0.0	1343.0		True	False
TCGA-EL-A4K7	True	False	BRAF_like		BRAF	['BRAF']	74.75975359342915	Male	0.0	1251.0	Stage III	False	False
TCGA-EL-A4K9	True	False	BRAF_like		BRAF	['BRAF']	68.39151266255989	Male	0.0	1455.0	Stage II	False	False
TCGA-EL-A4KD	False	False		DM1	unknown	[]	41.86447638603696	Male	0.0	1326.0	Stage I	False	True
TCGA-EL-A4KG	True	False	BRAF_like		BRAF	['BRAF']	35.53182751540041	Female	0.0	739.0	Stage I	False	False
TCGA-EL-A4KH	True	False	BRAF_like		BRAF	['BRAF']	36.34496919917864	Female	0.0	823.0	Stage I	False	False
TCGA-EL-A4KI	False	True	RAS_like		RAS	['NRAS']	63.46885694729637	Male	0.0	727.0	Stage III	True	False
TCGA-EM-A1CS	False	False		DM1	unknown	[]	55.53456536618754	Female	0.0	817.0	Stage I	False	True
TCGA-EM-A1CT	True	False	BRAF_like		BRAF	['ATM', 'BRAF']	76.50650239561944	Male	0.0	553.0	Stage IVA	False	False
TCGA-EM-A1CU	True	False	BRAF_like		BRAF	['BRAF']	31.4031485284052	Male	0.0	636.0	Stage I	False	False
TCGA-EM-A1CV	True	False	BRAF_like		BRAF	['BRAF']	32.668035592060235	Female	0.0	1475.0	Stage I	False	False
TCGA-EM-A1CW	False	False		DM2	unknown	[]	39.04996577686516	Female	0.0	549.0	Stage I	False	True
TCGA-EM-A1YA	False	False		DM2	DICER1_EIF1AX_PPM1D	['EIF1AX']	74.53524982888433	Female	0.0	602.0	Stage II	False	True
TCGA-EM-A1YB	False	False		DM2	TP53	['TP53']	73.51676933607118	Female	0.0	592.0	Stage II	False	True
TCGA-EM-A1YC	False	False		DM2	unknown	['ATM']	71.57563312799452	Female	0.0	2391.0	Stage III	False	True
TCGA-EM-A1YE	False	False		DM2	unknown	[]	47.35660506502396	Female	0.0	1645.0	Stage II	False	True
TCGA-EM-A22I	True	False	BRAF_like		BRAF	['BRAF']	52.02737850787132	Female	0.0	448.0	Stage III	False	False
TCGA-EM-A22J	False	True	RAS_like		RAS	['NRAS']	56.23271731690623	Female	0.0	441.0	Stage II	False	False
TCGA-EM-A22K	False	True	RAS_like		RAS	['HRAS']	46.24229979466119	Female	0.0	479.0	Stage IVA	True	False
TCGA-EM-A22L	False	True	RAS_like		RAS	['NRAS']	33.106091718001366	Female	0.0	318.0	Stage I	False	False
TCGA-EM-A22M	True	False	BRAF_like		BRAF	['BRAF']	52.18069815195072	Male	0.0	442.0	Stage I	False	False
TCGA-EM-A22N	False	False		DM2	unknown	[]	68.54209445585215	Female	0.0	324.0	Stage I	False	True
TCGA-EM-A22O	True	False	BRAF_like		BRAF	['ATM', 'BRAF']	75.99726214921287	Male	0.0	1344.0	Stage IVA	True	False
TCGA-EM-A22P	True	False	BRAF_like		BRAF	['BRAF']	64.95003422313484	Male	0.0	1256.0	Stage IVA	False	False
TCGA-EM-A2CJ	False	False		DM2	unknown	[]	49.74127310061601	Female	0.0	1447.0	Stage I	False	True
TCGA-EM-A2CK	False	True	RAS_like		RAS	['HRAS']	28.70636550308008	Male	0.0	544.0	Stage I	False	False
TCGA-EM-A2CL	False	False		DM2	DICER1_EIF1AX_PPM1D	['EIF1AX']	31.89322381930185	Male	0.0	401.0	Stage I	False	True
TCGA-EM-A2CM	False	True	RAS_like		RAS	['HRAS']	62.220396988364136	Female	0.0	1253.0	Stage III	False	False
TCGA-EM-A2CN	False	True	RAS_like		RAS	['NRAS']	62.46954140999316	Male	0.0	715.0	Stage IVC	True	False
TCGA-EM-A2CO	False	False		DM2	unknown	[]	77.82067077344284	Female	0.0	184.0	Stage II	False	True
TCGA-EM-A2CP	False	False		DM1	unknown	[]	26.71868583162217	Female	0.0	91.0	Stage I	False	True
TCGA-EM-A2CQ	False	True	RAS_like		RAS	['KRAS']	40.45448323066393	Female	0.0	374.0	Stage I	False	False
TCGA-EM-A2CR	False	True	RAS_like		RAS	['NRAS']	46.01505817932922	Female	0.0	415.0	Stage II	False	False
TCGA-EM-A2CS	True	False	BRAF_like		BRAF	['BRAF']	51.9917864476386	Female	0.0	841.0	Stage IVA	False	False
TCGA-EM-A2CS	True	False	BRAF_like		BRAF	['BRAF']	51.9917864476386	Female	0.0	841.0	Stage IVA	False	False
TCGA-EM-A2CS	True	False	BRAF_like		BRAF	['BRAF']	51.9917864476386	Female	0.0	841.0	Stage IVA	False	False
TCGA-EM-A2CS	True	False	BRAF_like		BRAF	['BRAF']	51.9917864476386	Female	0.0	841.0	Stage IVA	False	False
TCGA-EM-A2CT	False	True	RAS_like		RAS	['DICER1', 'NRAS']	20.692676249144423	Female	0.0	1474.0	Stage I	False	False
TCGA-EM-A2CU	False	False		DM1	unknown	[]	47.175906913073234	Female	0.0	400.0	Stage III	False	True
TCGA-EM-A2OV	False	False		DM2	unknown	['EZH1']	64.76659822039699	Female	0.0	674.0	Stage II	False	True
TCGA-EM-A2OW	False	False		DM2	unknown	[]	37.67556468172484	Female	0.0	1227.0	Stage I	False	True
TCGA-EM-A2OX	True	False	BRAF_like		BRAF	['BRAF']	46.299794661190965	Male	0.0	600.0	Stage IVA	False	False
TCGA-EM-A2OY	False	False		DM2	unknown	[]	46.74880219028063	Female	0.0	983.0	Stage II	False	True
TCGA-EM-A2OZ	True	False	BRAF_like		BRAF	['BRAF']	66.24229979466119	Male	0.0	1033.0	Stage I	False	False
TCGA-EM-A2P0	True	False	BRAF_like		BRAF	['BRAF']	33.20191649555099	Male	0.0	535.0	Stage I	False	False
TCGA-EM-A2P1	True	False	BRAF_like		BRAF	['BRAF']	34.724161533196444	Male	0.0	531.0		False	False
TCGA-EM-A2P1	True	False	BRAF_like	DM1	BRAF	['BRAF']	34.724161533196444	Male	0.0	531.0		False	False
TCGA-EM-A2P2	False	False			BRAF	['BRAF']	46.25598904859685	Male	0.0	526.0	Stage III	False	True
TCGA-EM-A2P3	True	False	BRAF_like		BRAF	['BRAF']	47.898699520876114	Female	0.0	444.0	Stage I	False	False
TCGA-EM-A3AI	False	False		DM2	unknown	[]	67.95345653661876	Female	0.0	685.0	Stage II	False	True
TCGA-EM-A3AJ	False	False		DM1	unknown	[]	39.422313483915126	Male	0.0	941.0	Stage I	False	True
TCGA-EM-A3AK	True	False	BRAF_like		BRAF	['BRAF']	62.72689938398357	Female	0.0	477.0	Stage I	False	False
TCGA-EM-A3AL	False	False		DM2	unknown	[]	45.007529089664615	Female	0.0	430.0	Stage I	False	True
TCGA-EM-A3AN	False	False		DM1	unknown	[]	36.10677618069816	Female	0.0	1006.0	Stage I	False	True
TCGA-EM-A3AO	False	False		DM1	unknown	[]	61.18275154004107	Male	0.0	1354.0	Stage IVA	False	True
TCGA-EM-A3AP	False	True	RAS_like		RAS	['NRAS']	31.73716632443532	Female	0.0	254.0	Stage I	False	False
TCGA-EM-A3AQ	False	False		DM1	unknown	[]	85.4154688569473	Female	0.0	904.0	Stage I	False	True
TCGA-EM-A3AR	True	False	BRAF_like		BRAF	['BRAF']	41.92470910335387	Male	0.0	1133.0	Stage I	False	False
TCGA-EM-A3FJ	True	False	BRAF_like		BRAF	['BRAF']	24.75564681724846	Female	0.0	850.0	Stage I	False	False
TCGA-EM-A3FK	True	False	BRAF_like		BRAF	['BRAF']	30.094455852156056	Female	0.0	723.0	Stage I	False	False
TCGA-EM-A3FL	False	False		DM2	unknown	[]	63.4715947980835	Female	0.0	1441.0	Stage I	False	True
TCGA-EM-A3FM	True	False	BRAF_like		BRAF	['BRAF']	57.32511978097194	Male	0.0	639.0	Stage IVA	False	False
TCGA-EM-A3FN	False	False		DM2	DICER1_EIF1AX_PPM1D	['EIF1AX']	42.861054072553046	Female	0.0	367.0	Stage I	False	True
TCGA-EM-A3FO	True	False	BRAF_like		BRAF	['BRAF']	40.695414099931554	Male	0.0	532.0	Stage I	False	False
TCGA-EM-A3FP	False	False		DM2	unknown	[]	71.6167008898015	Female	0.0	529.0	Stage II	False	True
TCGA-EM-A3FQ	False	False		DM1	unknown	[]	19.64681724845996	Female	0.0	492.0	Stage I	False	True
TCGA-EM-A3FQ	False	False		DM1	unknown	[]	19.64681724845996	Female	0.0	492.0	Stage I	False	True
TCGA-EM-A3FQ	False	False		DM1	unknown	[]	19.64681724845996	Female	0.0	492.0	Stage I	False	True
TCGA-EM-A3FQ	False	False		DM1	unknown	[]	19.64681724845996	Female	0.0	492.0	Stage I	False	True
TCGA-EM-A3FR	False	False		DM2	unknown	[]	55.71252566735113	Female	0.0	457.0	Stage III	False	True
TCGA-EM-A3O3	True	False	BRAF_like		BRAF	['BRAF']	83.50444900752909	Female	0.0	441.0	Stage III	True	False
TCGA-EM-A3O6	False	False		DM2	unknown	[]	54.362765229295	Female	0.0	458.0	Stage II	False	True
TCGA-EM-A3O7	True	False	BRAF_like		BRAF	['BRAF']	46.11088295687885	Female	0.0	223.0	Stage III	False	False
TCGA-EM-A3O9	False	False		DM2	unknown	[]	40.473648186173854	Male	0.0	281.0	Stage I	False	True
TCGA-EM-A3OA	False	True	RAS_like		RAS	['NRAS']	55.53456536618754	Female	0.0	822.0	Stage II	False	False
TCGA-EM-A3OB	False	True	RAS_like		RAS	['NRAS']	33.62628336755647	Female	0.0	1176.0	Stage I	False	False
TCGA-EM-A3ST	False	True	RAS_like		RAS	['EIF1AX', 'NRAS']	62.94318959616701	Female	0.0	1182.0	Stage III	False	False
TCGA-EM-A3SU	True	False	BRAF_like		BRAF	['BRAF']	43.17043121149897	Female	0.0	911.0	Stage I	False	False
TCGA-EM-A3SU	True	False	BRAF_like		BRAF	['BRAF']	43.17043121149897	Female	0.0	911.0	Stage I	False	False
TCGA-EM-A3SU	True	False	BRAF_like		BRAF	['BRAF']	43.17043121149897	Female	0.0	911.0	Stage I	False	False
TCGA-EM-A3SU	True	False	BRAF_like		BRAF	['BRAF']	43.17043121149897	Female	0.0	911.0	Stage I	False	False
TCGA-EM-A3SX	True	False	BRAF_like		BRAF	['BRAF']	28.602327173169066	Female	0.0	908.0	Stage I	False	False
TCGA-EM-A3SY	False	False		DM2	unknown	[]	36.85420944558521	Male	0.0	411.0	Stage I	False	True
TCGA-EM-A3SZ	True	False	BRAF_like		BRAF	['BRAF']	42.87200547570158	Female	0.0	389.0	Stage I	False	False
TCGA-EM-A4FF	True	False	BRAF_like		BRAF	['BRAF']	45.39630390143737	Female	0.0	2573.0		False	False
TCGA-EM-A4FH	False	False		DM2	unknown	[]	69.81519507186859	Male	0.0	892.0	Stage III	False	True
TCGA-EM-A4FK	False	True	RAS_like		RAS	['NRAS']	33.90280629705681	Female	0.0	649.0	Stage I	False	False
TCGA-EM-A4FM	True	False	BRAF_like		BRAF	['BRAF']	59.12388774811773	Female	0.0	162.0	Stage IVA	True	False
TCGA-EM-A4FN	True	False	BRAF_like		BRAF	['BRAF']	49.78781656399726	Female	0.0	802.0	Stage IVA	False	False
TCGA-EM-A4FO	True	False	BRAF_like		BRAF	['BRAF']	72.79671457905545	Male	0.0	802.0	Stage I	False	False
TCGA-EM-A4FQ	True	False	BRAF_like		BRAF	['BRAF']	42.52977412731006	Female	0.0	683.0	Stage I	False	False
TCGA-EM-A4FR	False	False		DM1	unknown	[]	28.24366872005476	Male	0.0	655.0	Stage I	False	True
TCGA-EM-A4FU	False	True	RAS_like		RAS	['NRAS']	35.351129363449694	Male	0.0	1840.0	Stage I	False	False
TCGA-EM-A4FV	True	True			BRAF	['BRAF', 'EIF1AX', 'KRAS']	64.68720054757016	Female	0.0	744.0	Stage I	False	False
TCGA-EM-A4G1	False	True	RAS_like		RAS	['NRAS']	26.951403148528406	Female	0.0	416.0	Stage I	False	False
TCGA-ET-A25G	True	False	BRAF_like		BRAF	['BRAF']	56.99110198494182	Female	0.0	2492.0	Stage III	False	False
TCGA-ET-A25I	False	True	RAS_like		RAS	['NRAS']	37.74401095140315	Female	0.0	2485.0	Stage I	False	False
TCGA-ET-A25J	True	False	BRAF_like		BRAF	['BRAF']	40.63791923340178	Female	0.0	2359.0	Stage I	False	False
TCGA-ET-A25K	True	False	BRAF_like		BRAF	['BRAF']	36.55304585900068	Female	0.0	2142.0	Stage I	False	False
TCGA-ET-A25O	True	False	BRAF_like		BRAF	['BRAF']	35.383983572895275	Female	0.0	1986.0	Stage I	False	False
TCGA-ET-A25R	True	False	BRAF_like		BRAF	['BRAF']	51.644079397672826	Female	0.0	1930.0	Stage III	False	False
TCGA-ET-A2MX	False	False		DM1	unknown	[]	27.498973305954827	Male	0.0	2689.0	Stage I	False	True
TCGA-ET-A2MY	True	False	BRAF_like		BRAF	['BRAF']	72.29568788501027	Female	0.0	1787.0	Stage I	False	False
TCGA-ET-A2MZ	True	False	BRAF_like		BRAF	['BRAF']	39.44695414099932	Male	0.0	1133.0	Stage I	False	False
TCGA-ET-A2N0	True	False	BRAF_like		BRAF	['BRAF']	51.175906913073234	Female	0.0	1600.0	Stage III	False	False
TCGA-ET-A2N3	False	False		DM2	unknown	[]	34.50513347022587	Female	0.0	2535.0	Stage I	False	True
TCGA-ET-A2N4	True	False	BRAF_like		BRAF	['BRAF']	53.856262833675565	Female	0.0	81.0	Stage III	False	False
TCGA-ET-A2N5	False	True	RAS_like		RAS	['HRAS']	46.91854893908282	Female	0.0	2460.0	Stage III	False	False
TCGA-ET-A39I	False	True	RAS_like		RAS	['HRAS']	83.09103353867214	Female	1.0	1011.0	Stage I	False	False
TCGA-ET-A39J	True	False	BRAF_like		BRAF	['BRAF']	23.24709103353868	Female	0.0	3227.0	Stage I	False	False
TCGA-ET-A39K	True	False	BRAF_like		BRAF	['BRAF']	48.70362765229295	Female	0.0	3267.0	Stage III	False	False
TCGA-ET-A39L	False	False		DM1	unknown	[]	20.90622861054073	Female	0.0	3299.0	Stage I	False	True
TCGA-ET-A39M	True	False	BRAF_like		BRAF	['BRAF']	34.06160164271047	Male	0.0	2582.0	Stage I	False	False
TCGA-ET-A39N	False	False		DM2	unknown	[]	35.32922655715264	Female	0.0	3751.0	Stage I	False	True
TCGA-ET-A39O	True	False	BRAF_like		BRAF	['BRAF']	39.13757700205339	Male	0.0	3059.0	Stage I	False	False
TCGA-ET-A39P	True	False	BRAF_like		BRAF	['BRAF']	73.42094455852155	Female	0.0	2900.0	Stage III	False	False
TCGA-ET-A39S	True	False	BRAF_like		BRAF	['BRAF']	27.378507871321013	Female	0.0	1676.0	Stage I	False	False
TCGA-ET-A3BN	False	False		DM1	unknown	[]	33.18822724161533	Female	0.0	859.0	Stage I	False	True
TCGA-ET-A3BO	True	False	BRAF_like		BRAF	['BRAF']		Female	0.0	1533.0		True	False
TCGA-ET-A3BP	True	False	BRAF_like		BRAF	['BRAF']	34.48049281314169	Female	0.0	2406.0	Stage I	False	False
TCGA-ET-A3BQ	True	False	BRAF_like		BRAF	['BRAF']	27.471594798083505	Female	0.0	2331.0	Stage I	False	False
TCGA-ET-A3BS	True	False	BRAF_like		BRAF	['BRAF']	42.220396988364136	Male	0.0	176.0	Stage I	False	False
TCGA-ET-A3BT	True	False	BRAF_like		BRAF	['BRAF']	61.25941136208077	Female	0.0	2665.0		True	False
TCGA-ET-A3BU	True	False	BRAF_like		BRAF	['BRAF']	28.774811772758383	Male	0.0	2367.0	Stage I	False	False
TCGA-ET-A3BV	True	False	BRAF_like		BRAF	['BRAF']	47.75085557837098	Female	0.0	2294.0	Stage III	False	False
TCGA-ET-A3BW	True	False	BRAF_like		BRAF	['BRAF', 'PPM1D']	30.203969883641346	Female	0.0	1419.0	Stage I	False	False
TCGA-ET-A3BX	True	False	BRAF_like		BRAF	['BRAF']	24.0684462696783	Male	0.0	1596.0	Stage I	False	False
TCGA-ET-A3DO	True	False	BRAF_like		BRAF	['BRAF']	35.09103353867214	Female	0.0	3552.0		False	False
TCGA-ET-A3DP	True	False	BRAF_like		BRAF	['BRAF']	43.46611909650924	Female	0.0	2877.0	Stage I	False	False
TCGA-ET-A3DQ	False	False		DM1	unknown	[]	43.45242984257358	Female	0.0	2581.0	Stage I	False	True
TCGA-ET-A3DR	False	False		DM1	unknown	[]	42.17385352498289	Female	0.0	2451.0	Stage I	False	True
TCGA-ET-A3DS	False	False		DM2	unknown	[]	33.544147843942504	Female	0.0	2033.0	Stage I	False	True
TCGA-ET-A3DU	True	False	BRAF_like		BRAF	['BRAF']	21.544147843942504	Female	0.0	1911.0	Stage I	False	False
TCGA-ET-A3DV	False	False		DM2	unknown	[]	68.18617385352498	Female	0.0	5068.0	Stage II	False	True
TCGA-ET-A3DW	True	False	BRAF_like		BRAF	['BRAF']	64.62149212867898	Male	0.0	752.0	Stage III	True	False
TCGA-ET-A40Q	True	False	BRAF_like		BRAF	['BRAF']	39.29911019849418	Male	0.0	1407.0		False	False
TCGA-ET-A40R	False	False		DM1	unknown	[]	24.539356605065024	Female	0.0	1350.0	Stage I	False	True
TCGA-ET-A40S	False	False		DM1	unknown	[]	62.23956194387406	Male	0.0	1223.0	Stage II	False	True
TCGA-ET-A40T	False	False		DM1	unknown	[]	26.094455852156056	Female	0.0	1140.0	Stage I	False	True
TCGA-ET-A4KN	False	False		DM1	unknown	[]	51.715263518138265	Female	0.0	1009.0	Stage III	False	True
TCGA-ET-A4KQ	False	False		DM2	BRAF	['BRAF']	45.68104038329911	Female	0.0	955.0	Stage II	False	True
TCGA-FE-A230	True	False	BRAF_like		BRAF	['BRAF']	31.55373032169747	Female	0.0	2173.0		False	False
TCGA-FE-A231	True	False	BRAF_like		BRAF	['BRAF']	70.3709787816564	Male	0.0	961.0	Stage IVA	False	False
TCGA-FE-A232	True	False	BRAF_like		BRAF	['BRAF']	44.57221081451061	Female	0.0	2424.0	Stage I	False	False
TCGA-FE-A233	True	False	BRAF_like		BRAF	['BRAF']	18.535249828884325	Female	0.0	751.0	Stage I	False	False
TCGA-FE-A234	True	False	BRAF_like		BRAF	['BRAF']	27.94524298425736	Female	0.0	2075.0		False	False
TCGA-FE-A235	True	False	BRAF_like		BRAF	['BRAF']	26.99247091033539	Female	0.0	3571.0	Stage I	False	False
TCGA-FE-A236	True	False	BRAF_like		BRAF	['BRAF']	33.80698151950719	Male	0.0	2031.0	Stage I	False	False
TCGA-FE-A237	True	False	BRAF_like		BRAF	['BRAF']	21.6290212183436	Female	0.0	3431.0		False	False
TCGA-FE-A23A	True	False	BRAF_like		BRAF	['BRAF']	27.863107460643395	Female	0.0	2489.0	Stage I	False	False
TCGA-FE-A3PA	False	False		DM1	unknown	[]	16.61327857631759	Male	0.0	3235.0	Stage II	False	True
TCGA-FE-A3PB	True	False	BRAF_like		BRAF	['BRAF']	33.22655715263518	Female	0.0	2590.0	Stage I	False	False
TCGA-FE-A3PC	True	False	BRAF_like		BRAF	['BRAF', 'PIK3CA']	37.828884325804246	Female	0.0	2606.0	Stage I	False	False
TCGA-FE-A3PD	False	False		DM1	unknown	[]	17.4839151266256	Female	0.0	2396.0	Stage I	False	True
TCGA-FK-A3S3	False	False		DM1	ALK_fusion	['ALK']	43.4031485284052	Female	0.0	2162.0	Stage I	False	True
TCGA-FK-A3SB	True	False	BRAF_like		BRAF	['BRAF']	28.18069815195072	Female	0.0	125.0	Stage I	False	False
TCGA-FK-A3SD	False	False		DM2	unknown	[]	61.76591375770021	Female	0.0	32.0	Stage I	False	True
TCGA-FK-A3SE	False	False		DM1	unknown	[]	31.408624229979463	Female	0.0	670.0	Stage I	False	True
TCGA-FK-A3SG	False	False		DM1	unknown	[]	21.1088295687885	Female	0.0	28.0	Stage I	False	True
TCGA-FK-A3SH	True	False	BRAF_like		BRAF	['BRAF', 'RET']	50.94866529774127	Female	0.0	1463.0	Stage III	False	False
TCGA-FK-A4UB	False	False		DM1	unknown	[]	51.449691991786445	Male	0.0	3531.0	Stage III	False	True
TCGA-FY-A2QD	False	False		DM2	unknown	[]	61.57700205338809	Female	0.0	38.0		False	True
TCGA-FY-A3BL	True	False	BRAF_like		BRAF	['BRAF']	29.204654346338124	Male	0.0	621.0	Stage I	False	False
TCGA-FY-A3I4	True	False	BRAF_like		BRAF	['BRAF']	34.70773442847365	Female	0.0	542.0	Stage I	False	False
TCGA-FY-A3I5	False	False		DM2	unknown	[]	64.76112251882273	Female	0.0	238.0	Stage III	False	True
TCGA-FY-A3NM	False	False		DM2	unknown	[]	48.55304585900068	Female	0.0	885.0	Stage III	False	True
TCGA-FY-A3NN	True	False	BRAF_like		BRAF	['BRAF']	48.2217659137577	Female				False	False
TCGA-FY-A3NP	False	True	RAS_like		RAS	['NRAS']	69.71115674195757	Male	0.0	491.0	Stage I	False	False
TCGA-FY-A3ON	True	False	BRAF_like		BRAF	['BRAF']	20.268309377138944	Male	0.0	595.0	Stage I	False	False
TCGA-FY-A3R6	False	False		DM1	unknown	[]	57.51950718685831	Female	0.0	423.0	Stage IVA	False	True
TCGA-FY-A3R7	True	False	BRAF_like		BRAF	['BRAF']	50.38466803559206	Female	0.0	495.0	Stage III	False	False
TCGA-FY-A3R8	True	False	BRAF_like		BRAF	['BRAF']	62.48870636550308	Female	0.0	477.0	Stage III	False	False
TCGA-FY-A3R9	False	True	RAS_like		RAS	['NRAS']	66.29705681040383	Female	0.0	504.0	Stage I	False	False
TCGA-FY-A3RA	True	False	BRAF_like		BRAF	['BRAF']	21.6290212183436	Female	0.0	550.0	Stage I	False	False
TCGA-FY-A3TY	True	False	BRAF_like		BRAF	['BRAF']	61.75496235455168	Female	0.0	709.0	Stage III	False	False
TCGA-FY-A3W9	False	True	RAS_like		RAS	['NRAS']	66.08076659822039	Female	0.0	658.0	Stage II	True	False
TCGA-FY-A3WA	False	False		DM2	unknown	[]	52.0	Female	0.0	519.0	Stage I	False	True
TCGA-FY-A3YR	True	False	BRAF_like		BRAF	['BRAF']	64.05201916495551	Female	0.0	528.0	Stage III	False	False
TCGA-FY-A40K	True	False	BRAF_like		BRAF	['BRAF']	46.79534565366188	Female	0.0	461.0	Stage I	False	False
TCGA-FY-A40L	True	False	BRAF_like		BRAF	['BRAF']	55.422313483915126	Female	0.0	726.0	Stage IVA	False	False
TCGA-FY-A40M	False	False		DM1	unknown	[]	51.2580424366872	Female	0.0	684.0	Stage I	False	True
TCGA-FY-A40N	False	False		DM2	unknown	[]	55.6331279945243	Female	0.0	579.0	Stage I	False	True
TCGA-FY-A4B3	True	False	BRAF_like		BRAF	['BRAF']	51.93429158110883	Male	0.0	427.0	Stage III	False	False
TCGA-FY-A4B4	True	False	BRAF_like		BRAF	['AKT1', 'BRAF']	62.50513347022587	Female	0.0	657.0	Stage III	False	False
TCGA-GE-A2C6	True	False	BRAF_like		BRAF	['BRAF']	33.0403832991102	Female	0.0	381.0	Stage I	False	False
TCGA-H2-A26U	True	False	BRAF_like		BRAF	['BRAF']	54.55715263518138	Female	0.0	517.0	Stage III	False	False
TCGA-H2-A2K9	False	True	RAS_like		RAS	['NRAS']	25.245722108145102	Male	0.0	659.0	Stage I	False	False
TCGA-H2-A3RH	False	True	RAS_like		RAS	['KRAS']	41.2539356605065	Female	0.0	379.0	Stage I	False	False
TCGA-H2-A3RI	True	False	BRAF_like		BRAF	['BRAF']	30.75975359342916	Female	0.0	335.0		False	False
TCGA-H2-A422	True	False	BRAF_like		BRAF	['BRAF']	40.303901437371664	Female	0.0	566.0	Stage I	False	False
TCGA-IM-A3EB	True	False	BRAF_like		BRAF	['BRAF']	32.3668720054757	Female	0.0	1488.0	Stage I	False	False
TCGA-IM-A3ED	True	False	BRAF_like		BRAF	['BRAF']	58.25598904859685	Female	0.0	1442.0	Stage I	False	False
TCGA-IM-A3U2	True	False	BRAF_like		BRAF	['BRAF']	89.47843942505133	Female	0.0	190.0	Stage IVA	True	False
TCGA-IM-A3U3	True	False	BRAF_like		BRAF	['BRAF']	55.07734428473648	Female	0.0	514.0	Stage I	False	False
TCGA-IM-A41Y	True	False	BRAF_like		BRAF	['BRAF']	42.9678302532512	Female	0.0	664.0	Stage I	False	False
TCGA-IM-A420	True	False	BRAF_like		BRAF	['BRAF']	39.23887748117728	Female	0.0	250.0	Stage I	False	False
TCGA-IM-A4EB	True	False	BRAF_like		BRAF	['BRAF']	37.3305954825462	Male	0.0	780.0	Stage I	False	False
TCGA-J8-A3NZ	True	False	BRAF_like		BRAF	['BRAF']	52.17796030116359	Female	0.0	524.0	Stage III	False	False
TCGA-J8-A3O0	False	True	RAS_like		RAS	['NRAS']	38.91581108829569	Male	0.0	1313.0	Stage I	False	False
TCGA-J8-A3O1	False	False		DM1	unknown	[]	33.163586584531146	Female	0.0	827.0	Stage I	True	True
TCGA-J8-A3O2	True	False	BRAF_like		BRAF	['BRAF']	39.2580424366872	Male	0.0	342.0	Stage I	False	False
TCGA-J8-A3O2	True	False	BRAF_like		BRAF	['BRAF']	39.2580424366872	Male	0.0	342.0	Stage I	False	False
TCGA-J8-A3O2	True	False	BRAF_like		BRAF	['BRAF']	39.2580424366872	Male	0.0	342.0	Stage I	False	False
TCGA-J8-A3O2	True	False	BRAF_like		BRAF	['BRAF']	39.2580424366872	Male	0.0	342.0	Stage I	False	False
TCGA-J8-A3YD	True	False	BRAF_like		BRAF	['BRAF']	47.68240930869268	Female	0.0	968.0	Stage III	False	False
TCGA-J8-A3YE	True	False	BRAF_like		BRAF	['ATM', 'BRAF']	31.33744010951403	Female	0.0	847.0	Stage I	False	False
TCGA-J8-A3YF	True	False	BRAF_like		BRAF	['BRAF']	83.94524298425736	Male	0.0	751.0	Stage III	False	False
TCGA-J8-A3YG	True	False	BRAF_like		BRAF	['BRAF']	54.16837782340863	Female	0.0	678.0	Stage III	False	False
TCGA-J8-A3YH	True	False	BRAF_like		BRAF	['BRAF']	39.61670088980151	Male	0.0	175.0	Stage I	False	False
TCGA-J8-A3YH	True	False	BRAF_like		BRAF	['BRAF']	39.61670088980151	Male	0.0	175.0	Stage I	False	False
TCGA-J8-A3YH	True	False	BRAF_like		BRAF	['BRAF']	39.61670088980151	Male	0.0	175.0	Stage I	False	False
TCGA-J8-A3YH	True	False	BRAF_like		BRAF	['BRAF']	39.61670088980151	Male	0.0	175.0	Stage I	False	False
TCGA-J8-A42S	True	False	BRAF_like		BRAF	['BRAF']	45.47296372347707	Male	0.0	75.0	Stage III	False	False
TCGA-J8-A4HW	False	False		DM1	unknown	[]	44.23271731690623	Female	0.0	79.0		False	True
TCGA-J8-A4HW	False	False		DM1	unknown	[]	44.23271731690623	Female	0.0	79.0		False	True
TCGA-J8-A4HW	False	False		DM1	unknown	[]	44.23271731690623	Female	0.0	79.0		False	True
TCGA-J8-A4HW	False	False		DM1	unknown	[]	44.23271731690623	Female	0.0	79.0		False	True
TCGA-J8-A4HY	True	False	BRAF_like		BRAF	['BRAF']	68.73648186173854	Female	0.0	6.0	Stage IVA	False	False
TCGA-KS-A41F	True	False	BRAF_like		BRAF	['BRAF']	37.08418891170431	Female	0.0	4367.0	Stage I	False	False
TCGA-KS-A41I	False	True	RAS_like		RAS	['NRAS']	47.08008213552361	Female	0.0	486.0	Stage I	False	False
TCGA-KS-A41L	False	False		DM2	unknown	[]	39.53456536618754	Female	0.0	3463.0	Stage I	False	True
TCGA-KS-A4I1	True	False	BRAF_like		BRAF	['BRAF']	37.06502395619439	Female	0.0	812.0	Stage I	False	False
TCGA-KS-A4I3	True	False	BRAF_like		BRAF	['BRAF']	41.04585900068447	Male	0.0	1329.0	Stage I	False	False
TCGA-KS-A4I5	True	False	BRAF_like		BRAF	['BRAF']	49.18001368925393	Female	0.0	567.0	Stage IVA	False	False
TCGA-KS-A4I7	True	False	BRAF_like		BRAF	['BRAF']	61.3223819301848	Female	0.0	987.0	Stage I	False	False
TCGA-KS-A4I9	True	False	BRAF_like		BRAF	['BRAF']	46.43668720054757	Female	0.0	2658.0	Stage I	False	False
TCGA-KS-A4IB	False	False		DM1	RET_fusion	['CHEK2', 'RET']	41.497604380561256	Female	0.0	2577.0	Stage I	False	True
TCGA-KS-A4IC	True	False	BRAF_like		BRAF	['BRAF']	45.64271047227926	Female	0.0	1073.0	Stage III	False	False
TCGA-KS-A4ID	False	False		DM1	unknown	[]	55.88774811772758	Female	0.0	1011.0	Stage I	False	True
TCGA-L6-A4EP	True	False	BRAF_like		BRAF	['BRAF']	41.86721423682409	Female	0.0	1016.0	Stage I	False	False
TCGA-L6-A4EQ	True	False	BRAF_like		BRAF	['BRAF']	47.50444900752909	Male	0.0	1228.0	Stage III	False	False
TCGA-L6-A4ET	True	False	BRAF_like		BRAF	['BRAF']	46.07802874743327	Female	0.0	664.0		False	False
TCGA-L6-A4EU	True	False	BRAF_like		BRAF	['BRAF']	58.02053388090349	Female	0.0	289.0	Stage III	False	False
TCGA-MK-A4N6	True	False	BRAF_like		BRAF	['BRAF']	35.32922655715264	Male	0.0	1098.0	Stage I	False	False
TCGA-MK-A4N7	True	False	BRAF_like		BRAF	['BRAF']	20.725530458590008	Female	0.0	987.0	Stage I	True	False
TCGA-MK-A4N9	True	False	BRAF_like		BRAF	['BRAF']	41.76591375770021	Female	0.0	919.0	Stage I	False	False
TCGA-MK-A84Z	False	True	RAS_like		RAS	['HRAS']		Male	0.0	728.0		False	False
TCGA-QD-A8IV	False	True	RAS_like		RAS	['NRAS']	50.06981519507187	Female	0.0	392.0	Stage IVA	False	False
