mhc,pep,tgt
HLA-A*02:01,HIMPDTAEI,1
HLA-A*11:01,AVFDRKSDAK,1
HLA-A*02:17,GLCTLVAML,1
HLA-A*24:02,QYDPVAALF,1
HLA-A*02:02,GILGFVFTL,1
HLA-A*02:04,GILGFVFTL,1
HLA-A*02:01,YVLDHLIVV,1
HLA-A*02:05,GILGFVFTL,1
HLA-A*02:01,VLFGLGFAI,1
HLA-A*02:01,FLYALALLL,1
HLA-B*35:01,HPVGEADYFEY,1
HLA-B*08:01,HSKKKCDEL,1
HLA-A*02:01,CINGVCWTV,1
HLA-A*02:01,AVYDGREHTV,1
HLA-B*27:05,KRWIIMGLNK,1
HLA-A*24:02,RYPLTFGW,1
HLA-B*08:01,QIKVRVDMV,1
HLA-B*57:03,RAFSPEVIPMF,1
HLA-A*02:01,NLQREEYTV,1
HLA-B*08:01,FLRGRAYGL,1
HLA-B*08:01,QIKVRVKMV,1
HLA-B*42:01,HPKVSSEVHI,1
HLA-A*02:03,GILGFVFTL,1
HLA-A*24:02,SFHSLHLLF,1
HLA-A*02:01,LLWNGPMAV,1
HLA-B*07:02,RPRGEVRFL,1
HLA-C*07:02,CRVLCCYVL,1
HLA-A*02:01,ELAGIGILTV,1
HLA-B*42:01,LPPIVAKEI,1
HLA-A*02:01,NLVPMVATV,1
HLA-A*02:01,GILGFVFTL,1
HLA-B*27:05,KRWIILGLNK,1
HLA-B*42:01,FPRPWLHGL,1
HLA-A*24:02,RYPLTFGWCF,1
HLA-B*35:01,IPSINVHHY,1
HLA-B*57:03,KAFSPEVIPMF,1
HLA-B*42:01,TPQDLNTML,1
HLA-A*02:01,EAAGIGILTV,1
HLA-B*35:01,EPLPQGQLTAY,1
HLA-B*08:01,RAKFKQLL,1
HLA-B*57:01,KAFSPEVIPMF,1
HLA-A*02:01,GLCTLVAML,1
HLA-B*07:02,RPHERNGFTVL,1
HLA-B*57:03,ISPRTLNAW,1
HLA-A*01:01,ATDALMTGY,1
HLA-A*11:01,IVTDFSVIK,1
HLA-B*42:01,TPGPGVRYPL,1
HLA-C*07:02,FRCPRRFCF,1
HLA-B*42:01,IIKDYGKQM,1
HLA-A*02:01,YSEHPTFTSQY,1
HLA-B*07:02,TPRVTGGGAM,1
HLA-A*02:01,LLFGYPVYV,1
HLA-A*24:02,RFPLTFGWCF,1
HLA-B*07:02,RPPIFIRRL,1
HLA-A*02:14,GLCTLVAML,1
HLA-A*02:01,AMAVLYLAL,1
HLA-A*02:15,GLCTLVAML,1
HLA-A*02:01,YFFWGLWAL,1
HLA-A*02:13,GLCTLVAML,1
HLA-B*35:01,YPLHEQHGM,1
HLA-B*35:02,EPLPQGQLTAY,1
HLA-A*02:07,GILGFVFTL,1
HLA-A*02:14,GILGFVFTL,1
HLA-A*02:06,GILGFVFTL,1
HLA-A*02:08,GILGFVFTL,1
HLA-A*02:01,YLCLQNNFI,1
HLA-A*02:01,CLGGLLTMV,1
HLA-A*02:01,IAMAVLYLA,1
HLA-B*44:05,EENLLDFVRF,1
HLA-B*57:01,RAFSPEVIPMF,1
HLA-B*57:03,TQGYFPDWQNY,1
HLA-A*02:16,GLCTLVAML,1
HLA-A*02:01,LASYFFWGL,1
HLA-A*02:09,GILGFVFTL,1
HLA-A*02:11,GILGFVFTL,1
HLA-A*02:10,GILGFVFTL,1
HLA-A*02:01,ALTPVVVTL,1
HLA-B*08:01,ELRRKMMYM,1
HLA-A*02:12,GILGFVFTL,1
HLA-A*02:01,FQAQHIAMA,1
HLA-A*02:15,GILGFVFTL,1
HLA-A*02:13,GILGFVFTL,1
